arduino_time_s,receive_time_s,imu1_acc_x,imu1_acc_y,imu1_acc_z,imu1_gx,imu1_gy,imu1_gz,imu2_acc_x,imu2_acc_y,imu2_acc_z,imu2_gx,imu2_gy,imu2_gz
0.0,1765055659.9011042,0.553,-0.372,0.243,-30.05,-56.27,-26.79,-0.172,-0.25,0.039,-54.53,32.18,-14.42
0.017059,1765055659.959775,0.553,-0.372,0.243,-30.05,-56.28,-26.79,-0.172,-0.25,0.039,-54.53,32.18,-14.42
0.034,1765055659.961952,0.553,-0.372,0.243,-30.05,-56.28,-26.8,-0.172,-0.25,0.039,-54.53,32.18,-14.42
0.051003,1765055659.963028,0.553,-0.372,0.243,-30.04,-56.29,-26.8,-0.172,-0.25,0.039,-54.53,32.18,-14.43
0.068002,1765055659.989766,0.553,-0.372,0.243,-30.04,-56.3,-26.81,-0.172,-0.25,0.039,-54.53,32.17,-14.43
0.085,1765055659.9922502,0.553,-0.372,0.243,-30.04,-56.3,-26.81,-0.172,-0.25,0.039,-54.53,32.17,-14.43
0.102002,1765055660.0185988,0.553,-0.372,0.243,-30.04,-56.31,-26.82,-0.172,-0.25,0.039,-54.53,32.17,-14.44
0.119,1765055660.0202072,0.553,-0.372,0.243,-30.04,-56.31,-26.82,-0.172,-0.25,0.039,-54.53,32.17,-14.44
0.136002,1765055660.050698,0.553,-0.372,0.243,-30.04,-56.32,-26.82,-0.172,-0.25,0.039,-54.53,32.16,-14.44
0.153001,1765055660.0536,0.553,-0.372,0.243,-30.03,-56.32,-26.83,-0.172,-0.25,0.039,-54.53,32.16,-14.45
0.170061,1765055660.110114,0.553,-0.372,0.243,-30.03,-56.33,-26.83,-0.172,-0.25,0.039,-54.53,32.16,-14.45
0.187002,1765055660.1123142,0.553,-0.372,0.243,-30.03,-56.33,-26.84,-0.172,-0.25,0.039,-54.53,32.16,-14.45
0.204001,1765055660.114212,0.553,-0.372,0.243,-30.03,-56.34,-26.84,-0.172,-0.25,0.039,-54.53,32.16,-14.45
0.221004,1765055660.140783,0.553,-0.372,0.243,-30.03,-56.34,-26.85,-0.172,-0.25,0.039,-54.53,32.15,-14.46
0.238004,1765055660.1416728,0.553,-0.372,0.243,-30.03,-56.35,-26.85,-0.172,-0.25,0.039,-54.53,32.15,-14.46
0.255002,1765055660.170918,0.553,-0.372,0.243,-30.02,-56.35,-26.85,-0.172,-0.25,0.039,-54.53,32.15,-14.46
0.272001,1765055660.1722581,0.553,-0.372,0.243,-30.02,-56.36,-26.86,-0.172,-0.25,0.039,-54.53,32.15,-14.47
0.289004,1765055660.200756,0.553,-0.372,0.243,-30.02,-56.36,-26.86,-0.172,-0.25,0.039,-54.53,32.15,-14.47
0.306001,1765055660.20337,0.553,-0.372,0.243,-30.02,-56.37,-26.87,-0.172,-0.25,0.039,-54.53,32.14,-14.47
0.323001,1765055660.231522,0.553,-0.372,0.243,-30.02,-56.37,-26.87,-0.172,-0.25,0.039,-54.53,32.14,-14.48
0.340003,1765055660.26017,0.553,-0.372,0.243,-30.02,-56.38,-26.88,-0.172,-0.25,0.039,-54.53,32.14,-14.48
0.357002,1765055660.260766,0.553,-0.372,0.243,-30.02,-56.38,-26.88,-0.172,-0.25,0.039,-54.53,32.14,-14.48
0.374002,1765055660.318772,0.553,-0.372,0.243,-30.02,-56.38,-26.88,-0.172,-0.25,0.039,-54.53,32.14,-14.49
0.391003,1765055660.320637,0.553,-0.372,0.243,-30.01,-56.39,-26.89,-0.172,-0.25,0.039,-54.53,32.14,-14.49
0.408074,1765055660.352868,0.553,-0.372,0.243,-30.01,-56.39,-26.89,-0.172,-0.25,0.039,-54.53,32.13,-14.49
0.425003,1765055660.3531861,0.553,-0.372,0.243,-30.01,-56.4,-26.9,-0.172,-0.25,0.039,-54.53,32.13,-14.5
0.442002,1765055660.37878,0.553,-0.372,0.243,-30.01,-56.4,-26.9,-0.172,-0.25,0.039,-54.53,32.13,-14.5
0.459001,1765055660.38198,0.553,-0.372,0.243,-30.01,-56.4,-26.91,-0.172,-0.25,0.039,-54.53,32.13,-14.5
0.476002,1765055660.384154,0.553,-0.372,0.243,-30.01,-56.41,-26.91,-0.172,-0.25,0.039,-54.53,32.13,-14.51
0.493002,1765055660.411747,0.553,-0.372,0.243,-30.01,-56.41,-26.91,-0.172,-0.25,0.039,-54.53,32.13,-14.51
0.510001,1765055660.412671,0.553,-0.372,0.243,-30.01,-56.41,-26.92,-0.172,-0.25,0.039,-54.53,32.12,-14.51
0.527059,1765055660.4691021,0.553,-0.372,0.243,-30.0,-56.42,-26.92,-0.172,-0.25,0.039,-54.53,32.12,-14.52
0.544,1765055660.498902,0.553,-0.372,0.243,-30.0,-56.42,-26.93,-0.172,-0.25,0.039,-54.53,32.12,-14.52
0.561003,1765055660.503996,0.553,-0.372,0.243,-30.0,-56.42,-26.93,-0.172,-0.25,0.039,-54.53,32.12,-14.52
0.578004,1765055660.504302,0.553,-0.372,0.243,-30.0,-56.43,-26.94,-0.172,-0.25,0.039,-54.53,32.12,-14.52
0.595003,1765055660.530693,0.553,-0.372,0.243,-30.0,-56.43,-26.94,-0.172,-0.25,0.039,-54.53,32.12,-14.53
0.612003,1765055660.533238,0.553,-0.372,0.243,-30.0,-56.43,-26.94,-0.172,-0.25,0.039,-54.53,32.12,-14.53
0.629,1765055660.55932,0.553,-0.372,0.243,-30.0,-56.44,-26.95,-0.172,-0.25,0.039,-54.53,32.12,-14.53
0.646003,1765055660.5894258,0.553,-0.372,0.243,-30.0,-56.44,-26.95,-0.172,-0.25,0.039,-54.53,32.11,-14.54
0.663002,1765055660.593757,0.553,-0.372,0.243,-30.0,-56.44,-26.96,-0.172,-0.25,0.039,-54.53,32.11,-14.54
0.680005,1765055660.618903,0.553,-0.372,0.243,-30.0,-56.45,-26.96,-0.172,-0.25,0.039,-54.53,32.11,-14.54
0.697002,1765055660.620796,0.553,-0.372,0.243,-29.99,-56.45,-26.97,-0.172,-0.25,0.039,-54.53,32.11,-14.55
0.714002,1765055660.623144,0.553,-0.372,0.243,-29.99,-56.45,-26.97,-0.172,-0.25,0.039,-54.53,32.11,-14.55
0.731,1765055660.6514869,0.553,-0.372,0.243,-29.99,-56.45,-26.97,-0.172,-0.25,0.039,-54.53,32.11,-14.55
0.748003,1765055660.680716,0.553,-0.372,0.243,-29.99,-56.46,-26.98,-0.172,-0.25,0.039,-54.53,32.11,-14.56
0.765004,1765055660.684335,0.553,-0.372,0.243,-29.99,-56.46,-26.98,-0.172,-0.25,0.039,-54.53,32.11,-14.56
0.782001,1765055660.709575,0.553,-0.372,0.243,-29.99,-56.46,-26.99,-0.172,-0.25,0.039,-54.53,32.11,-14.56
0.799004,1765055660.711775,0.553,-0.372,0.243,-29.99,-56.46,-26.99,-0.172,-0.25,0.039,-54.53,32.1,-14.57
0.816004,1765055660.714209,0.553,-0.372,0.243,-29.99,-56.47,-27.0,-0.172,-0.25,0.039,-54.53,32.1,-14.57
0.833001,1765055660.7404768,0.553,-0.372,0.243,-29.99,-56.47,-27.0,-0.172,-0.25,0.039,-54.53,32.1,-14.57
0.85,1765055660.743875,0.553,-0.372,0.243,-29.99,-56.47,-27.0,-0.172,-0.25,0.039,-54.53,32.1,-14.58
0.867004,1765055660.797612,0.553,-0.372,0.243,-29.99,-56.47,-27.01,-0.172,-0.25,0.039,-54.52,32.1,-14.58
0.884003,1765055660.8012218,0.553,-0.372,0.243,-29.99,-56.48,-27.01,-0.172,-0.25,0.039,-54.52,32.1,-14.58
0.901001,1765055660.8025699,0.553,-0.372,0.243,-29.99,-56.48,-27.02,-0.172,-0.25,0.039,-54.52,32.1,-14.59
0.918004,1765055660.831289,0.553,-0.372,0.243,-29.98,-56.48,-27.02,-0.172,-0.25,0.039,-54.52,32.1,-14.59
0.935004,1765055660.831916,0.553,-0.372,0.243,-29.98,-56.48,-27.03,-0.172,-0.25,0.039,-54.52,32.1,-14.59
0.952001,1765055660.861274,0.553,-0.372,0.243,-29.98,-56.48,-27.03,-0.172,-0.25,0.039,-54.52,32.1,-14.6
0.969001,1765055660.8654149,0.553,-0.372,0.243,-29.98,-56.49,-27.03,-0.172,-0.25,0.039,-54.52,32.1,-14.6
0.986001,1765055660.8898351,0.553,-0.372,0.243,-29.98,-56.49,-27.04,-0.172,-0.25,0.039,-54.52,32.09,-14.6
1.003002,1765055660.920574,0.553,-0.372,0.243,-29.98,-56.49,-27.04,-0.172,-0.25,0.039,-54.52,32.09,-14.6
1.020003,1765055660.923559,0.553,-0.372,0.243,-29.98,-56.49,-27.05,-0.172,-0.25,0.039,-54.52,32.09,-14.61
1.03706,1765055660.9505448,0.553,-0.372,0.243,-29.98,-56.49,-27.05,-0.172,-0.25,0.039,-54.52,32.09,-14.61
1.054003,1765055660.951185,0.553,-0.372,0.243,-29.98,-56.5,-27.06,-0.172,-0.25,0.039,-54.52,32.09,-14.61
1.071002,1765055661.011053,0.553,-0.372,0.243,-29.98,-56.5,-27.06,-0.172,-0.25,0.039,-54.52,32.09,-14.62
1.088001,1765055661.011554,0.553,-0.372,0.243,-29.98,-56.5,-27.06,-0.172,-0.25,0.039,-54.52,32.09,-14.62
1.105002,1765055661.0135171,0.553,-0.372,0.243,-29.98,-56.5,-27.07,-0.172,-0.25,0.039,-54.52,32.09,-14.62
1.122,1765055661.041573,0.553,-0.372,0.243,-29.98,-56.5,-27.07,-0.172,-0.25,0.039,-54.52,32.09,-14.63
1.139001,1765055661.06962,0.553,-0.372,0.243,-29.98,-56.5,-27.08,-0.172,-0.25,0.039,-54.52,32.09,-14.63
1.156001,1765055661.07266,0.553,-0.372,0.243,-29.98,-56.51,-27.08,-0.172,-0.25,0.039,-54.52,32.09,-14.63
1.173003,1765055661.098581,0.553,-0.372,0.243,-29.98,-56.51,-27.09,-0.172,-0.25,0.039,-54.52,32.09,-14.64
1.190002,1765055661.100241,0.553,-0.372,0.243,-29.98,-56.51,-27.09,-0.172,-0.25,0.039,-54.52,32.09,-14.64
1.207004,1765055661.103085,0.553,-0.372,0.243,-29.98,-56.51,-27.09,-0.172,-0.25,0.039,-54.52,32.09,-14.64
1.224001,1765055661.133513,0.553,-0.372,0.243,-29.97,-56.51,-27.1,-0.172,-0.25,0.039,-54.52,32.08,-14.65
1.241,1765055661.133816,0.553,-0.372,0.243,-29.97,-56.51,-27.1,-0.172,-0.25,0.039,-54.52,32.08,-14.65
1.258001,1765055661.159369,0.553,-0.372,0.243,-29.97,-56.52,-27.11,-0.172,-0.25,0.039,-54.52,32.08,-14.65
1.275001,1765055661.217411,0.553,-0.372,0.243,-29.97,-56.52,-27.11,-0.172,-0.25,0.039,-54.52,32.08,-14.66
1.292003,1765055661.220962,0.553,-0.372,0.243,-29.97,-56.52,-27.12,-0.172,-0.25,0.039,-54.52,32.08,-14.66
1.309002,1765055661.222952,0.553,-0.372,0.243,-29.97,-56.52,-27.12,-0.172,-0.25,0.039,-54.52,32.08,-14.66
1.326002,1765055661.2525282,0.553,-0.372,0.243,-29.97,-56.52,-27.12,-0.172,-0.25,0.039,-54.52,32.08,-14.67
1.343061,1765055661.252909,0.553,-0.372,0.243,-29.97,-56.52,-27.13,-0.172,-0.25,0.039,-54.52,32.08,-14.67
1.360002,1765055661.2792919,0.553,-0.372,0.243,-29.97,-56.52,-27.13,-0.172,-0.25,0.039,-54.52,32.08,-14.67
1.377003,1765055661.281195,0.553,-0.372,0.243,-29.97,-56.52,-27.14,-0.172,-0.25,0.039,-54.52,32.08,-14.68
1.394002,1765055661.34016,0.553,-0.372,0.243,-29.97,-56.53,-27.14,-0.172,-0.25,0.039,-54.52,32.08,-14.68
1.411001,1765055661.342185,0.553,-0.372,0.243,-29.97,-56.53,-27.15,-0.172,-0.25,0.039,-54.52,32.08,-14.68
1.428081,1765055661.345185,0.553,-0.372,0.243,-29.97,-56.53,-27.15,-0.172,-0.25,0.039,-54.52,32.08,-14.68
1.445001,1765055661.370782,0.553,-0.372,0.243,-29.97,-56.53,-27.15,-0.172,-0.25,0.039,-54.52,32.08,-14.69
1.46206,1765055661.373865,0.553,-0.372,0.243,-29.97,-56.53,-27.16,-0.172,-0.25,0.039,-54.52,32.08,-14.69
1.479004,1765055661.3998551,0.553,-0.372,0.243,-29.97,-56.53,-27.16,-0.172,-0.25,0.039,-54.52,32.08,-14.69
1.496003,1765055661.430391,0.553,-0.372,0.243,-29.97,-56.53,-27.17,-0.172,-0.25,0.039,-54.52,32.08,-14.7
1.513001,1765055661.431146,0.553,-0.372,0.243,-29.97,-56.53,-27.17,-0.172,-0.25,0.039,-54.52,32.08,-14.7
1.530004,1765055661.469165,0.553,-0.372,0.243,-29.97,-56.53,-27.18,-0.172,-0.25,0.039,-54.52,32.08,-14.7
1.547112,1765055661.4692469,0.553,-0.372,0.243,-29.97,-56.54,-27.18,-0.172,-0.25,0.039,-54.52,32.07,-14.71
1.564002,1765055661.4943402,0.553,-0.372,0.243,-29.97,-56.54,-27.18,-0.172,-0.25,0.039,-54.52,32.07,-14.71
1.581003,1765055661.4945338,0.553,-0.372,0.243,-29.97,-56.54,-27.19,-0.172,-0.25,0.039,-54.52,32.07,-14.71
1.598001,1765055661.5217888,0.553,-0.372,0.243,-29.97,-56.54,-27.19,-0.172,-0.25,0.039,-54.52,32.07,-14.72
1.615002,1765055661.521864,0.553,-0.372,0.243,-29.97,-56.54,-27.2,-0.172,-0.25,0.039,-54.52,32.07,-14.72
1.632003,1765055661.5527291,0.553,-0.372,0.243,-29.97,-56.54,-27.2,-0.172,-0.25,0.039,-54.52,32.07,-14.72
1.649,1765055661.5528011,0.553,-0.372,0.243,-29.97,-56.54,-27.21,-0.172,-0.25,0.039,-54.52,32.07,-14.73
1.666002,1765055661.581528,0.553,-0.372,0.243,-29.97,-56.54,-27.21,-0.172,-0.25,0.039,-54.52,32.07,-14.73
1.683004,1765055661.5819929,0.553,-0.372,0.243,-29.97,-56.54,-27.21,-0.172,-0.25,0.039,-54.52,32.07,-14.73
1.700061,1765055661.61041,0.553,-0.372,0.243,-29.96,-56.54,-27.22,-0.172,-0.25,0.039,-54.52,32.07,-14.74
1.717003,1765055661.640621,0.553,-0.372,0.243,-29.96,-56.54,-27.22,-0.172,-0.25,0.039,-54.52,32.07,-14.74
1.734001,1765055661.671402,0.553,-0.372,0.243,-29.96,-56.55,-27.23,-0.172,-0.25,0.039,-54.52,32.07,-14.74
1.751003,1765055661.67311,0.553,-0.372,0.243,-29.96,-56.55,-27.23,-0.172,-0.25,0.039,-54.52,32.07,-14.75
1.768001,1765055661.702503,0.553,-0.372,0.243,-29.96,-56.55,-27.24,-0.172,-0.25,0.039,-54.52,32.07,-14.75
1.785004,1765055661.702566,0.553,-0.372,0.243,-29.96,-56.55,-27.24,-0.172,-0.25,0.039,-54.52,32.07,-14.75
1.802004,1765055661.702603,0.553,-0.372,0.243,-29.96,-56.55,-27.24,-0.172,-0.25,0.039,-54.52,32.07,-14.76
1.819003,1765055661.7314649,0.553,-0.372,0.243,-29.96,-56.55,-27.25,-0.172,-0.25,0.039,-54.52,32.07,-14.76
1.836001,1765055661.7319329,0.553,-0.372,0.243,-29.96,-56.55,-27.25,-0.172,-0.25,0.039,-54.52,32.07,-14.76
1.853003,1765055661.760672,0.553,-0.372,0.243,-29.96,-56.55,-27.26,-0.172,-0.25,0.039,-54.52,32.07,-14.76
1.870002,1765055661.7623239,0.553,-0.372,0.243,-29.96,-56.55,-27.26,-0.172,-0.25,0.039,-54.52,32.07,-14.77
1.887002,1765055661.790581,0.553,-0.372,0.243,-29.96,-56.55,-27.27,-0.172,-0.25,0.039,-54.52,32.07,-14.77
1.904004,1765055661.821134,0.553,-0.372,0.243,-29.96,-56.55,-27.27,-0.172,-0.25,0.039,-54.52,32.07,-14.77
1.921,1765055661.822954,0.553,-0.372,0.243,-29.96,-56.55,-27.27,-0.172,-0.25,0.039,-54.52,32.07,-14.78
1.938105,1765055661.85442,0.553,-0.372,0.243,-29.96,-56.55,-27.28,-0.172,-0.25,0.039,-54.52,32.07,-14.78
1.955002,1765055661.881143,0.553,-0.372,0.243,-29.96,-56.55,-27.28,-0.172,-0.25,0.039,-54.52,32.07,-14.78
1.972004,1765055661.881203,0.553,-0.372,0.243,-29.96,-56.56,-27.29,-0.172,-0.25,0.039,-54.52,32.07,-14.79
1.989,1765055661.883979,0.553,-0.372,0.243,-29.96,-56.56,-27.29,-0.172,-0.25,0.039,-54.52,32.07,-14.79
2.006004,1765055661.939125,0.553,-0.372,0.243,-29.96,-56.56,-27.3,-0.172,-0.25,0.039,-54.52,32.07,-14.79
2.023002,1765055661.970185,0.553,-0.372,0.243,-29.96,-56.56,-27.3,-0.172,-0.25,0.039,-54.52,32.07,-14.8
2.040003,1765055661.9723651,0.553,-0.372,0.243,-29.96,-56.56,-27.3,-0.172,-0.25,0.039,-54.52,32.07,-14.8
2.057052,1765055661.973889,0.553,-0.372,0.243,-29.96,-56.56,-27.31,-0.172,-0.25,0.039,-54.52,32.07,-14.8
2.074001,1765055662.002708,0.553,-0.372,0.243,-29.96,-56.56,-27.31,-0.172,-0.25,0.039,-54.52,32.07,-14.81
2.091054,1765055662.0046039,0.553,-0.372,0.243,-29.96,-56.56,-27.32,-0.172,-0.25,0.039,-54.52,32.06,-14.81
2.108001,1765055662.0289721,0.553,-0.372,0.243,-29.96,-56.56,-27.32,-0.172,-0.25,0.039,-54.52,32.06,-14.81
2.125002,1765055662.03138,0.553,-0.372,0.243,-29.96,-56.56,-27.33,-0.172,-0.25,0.039,-54.52,32.06,-14.82
2.142004,1765055662.0337338,0.553,-0.372,0.243,-29.96,-56.56,-27.33,-0.172,-0.25,0.039,-54.52,32.06,-14.82
2.159003,1765055662.0598028,0.553,-0.372,0.243,-29.96,-56.56,-27.33,-0.172,-0.25,0.039,-54.52,32.06,-14.82
2.176001,1765055662.090933,0.553,-0.372,0.243,-29.96,-56.56,-27.34,-0.172,-0.25,0.039,-54.52,32.06,-14.83
2.193003,1765055662.118786,0.553,-0.372,0.243,-29.96,-56.56,-27.34,-0.172,-0.25,0.039,-54.52,32.06,-14.83
2.210052,1765055662.121599,0.553,-0.372,0.243,-29.96,-56.56,-27.35,-0.172,-0.25,0.039,-54.52,32.06,-14.83
2.227002,1765055662.123484,0.553,-0.372,0.243,-29.96,-56.56,-27.35,-0.172,-0.25,0.039,-54.52,32.06,-14.83
2.244001,1765055662.151403,0.553,-0.372,0.243,-29.96,-56.56,-27.36,-0.172,-0.25,0.039,-54.52,32.06,-14.84
2.261004,1765055662.152113,0.553,-0.372,0.243,-29.96,-56.56,-27.36,-0.172,-0.25,0.039,-54.52,32.06,-14.84
2.278003,1765055662.208352,0.553,-0.372,0.243,-29.96,-56.56,-27.36,-0.172,-0.25,0.039,-54.52,32.06,-14.84
2.295001,1765055662.238802,0.553,-0.372,0.243,-29.96,-56.57,-27.37,-0.172,-0.25,0.039,-54.52,32.06,-14.85
2.312005,1765055662.241467,0.553,-0.372,0.243,-29.96,-56.57,-27.37,-0.172,-0.25,0.039,-54.52,32.06,-14.85
2.329003,1765055662.2435799,0.553,-0.372,0.243,-29.96,-56.57,-27.38,-0.172,-0.25,0.039,-54.52,32.06,-14.85
2.346004,1765055662.2715762,0.553,-0.372,0.243,-29.96,-56.57,-27.38,-0.172,-0.25,0.039,-54.52,32.06,-14.86
2.363003,1765055662.273456,0.553,-0.372,0.243,-29.96,-56.57,-27.39,-0.172,-0.25,0.039,-54.52,32.06,-14.86
2.380001,1765055662.2997901,0.553,-0.372,0.243,-29.96,-56.57,-27.39,-0.172,-0.25,0.039,-54.52,32.06,-14.86
2.397,1765055662.300836,0.553,-0.372,0.243,-29.96,-56.57,-27.39,-0.172,-0.25,0.039,-54.52,32.06,-14.87
2.414002,1765055662.3311172,0.553,-0.372,0.243,-29.96,-56.57,-27.4,-0.172,-0.25,0.039,-54.52,32.06,-14.87
2.431002,1765055662.332198,0.553,-0.372,0.243,-29.96,-56.57,-27.4,-0.172,-0.25,0.039,-54.52,32.06,-14.87
2.448054,1765055662.390684,0.553,-0.372,0.243,-29.96,-56.57,-27.41,-0.172,-0.25,0.039,-54.52,32.06,-14.88
2.465001,1765055662.4200032,0.553,-0.372,0.243,-29.96,-56.57,-27.41,-0.172,-0.25,0.039,-54.52,32.06,-14.88
2.482001,1765055662.422736,0.553,-0.372,0.243,-29.96,-56.57,-27.42,-0.172,-0.25,0.039,-54.52,32.06,-14.88
2.499,1765055662.423831,0.553,-0.372,0.243,-29.96,-56.57,-27.42,-0.172,-0.25,0.039,-54.52,32.06,-14.89
2.516004,1765055662.451384,0.553,-0.372,0.243,-29.96,-56.57,-27.42,-0.172,-0.25,0.039,-54.52,32.06,-14.89
2.533001,1765055662.480788,0.553,-0.372,0.243,-29.96,-56.57,-27.43,-0.172,-0.25,0.039,-54.52,32.06,-14.89
2.550003,1765055662.4824371,0.553,-0.372,0.243,-29.96,-56.57,-27.43,-0.172,-0.25,0.039,-54.52,32.06,-14.9
2.567051,1765055662.484114,0.553,-0.372,0.243,-29.96,-56.57,-27.44,-0.172,-0.25,0.039,-54.52,32.06,-14.9
2.584001,1765055662.511713,0.553,-0.372,0.243,-29.96,-56.57,-27.44,-0.172,-0.25,0.039,-54.52,32.06,-14.9
2.601052,1765055662.513887,0.553,-0.372,0.243,-29.96,-56.57,-27.45,-0.172,-0.25,0.039,-54.52,32.06,-14.91
2.618003,1765055662.540234,0.553,-0.372,0.243,-29.96,-56.57,-27.45,-0.172,-0.25,0.039,-54.52,32.06,-14.91
2.635002,1765055662.5428932,0.553,-0.372,0.243,-29.96,-56.57,-27.45,-0.172,-0.25,0.039,-54.52,32.06,-14.91
2.652,1765055662.543894,0.553,-0.372,0.243,-29.96,-56.57,-27.46,-0.172,-0.25,0.039,-54.52,32.06,-14.91
2.669003,1765055662.6016052,0.553,-0.372,0.243,-29.96,-56.57,-27.46,-0.172,-0.25,0.039,-54.52,32.06,-14.92
2.686002,1765055662.601669,0.553,-0.372,0.243,-29.96,-56.57,-27.47,-0.172,-0.25,0.039,-54.52,32.06,-14.92
2.703004,1765055662.602738,0.553,-0.372,0.243,-29.96,-56.57,-27.47,-0.172,-0.25,0.039,-54.52,32.06,-14.92
2.720053,1765055662.630404,0.553,-0.372,0.243,-29.96,-56.57,-27.48,-0.172,-0.25,0.039,-54.52,32.06,-14.93
2.737002,1765055662.6595929,0.553,-0.372,0.243,-29.96,-56.57,-27.48,-0.172,-0.25,0.039,-54.52,32.06,-14.93
2.754003,1765055662.68868,0.553,-0.372,0.243,-29.96,-56.57,-27.48,-0.172,-0.25,0.039,-54.52,32.06,-14.93
2.771002,1765055662.690776,0.553,-0.372,0.243,-29.96,-56.57,-27.49,-0.172,-0.25,0.039,-54.52,32.06,-14.94
2.788002,1765055662.6936839,0.553,-0.372,0.243,-29.96,-56.57,-27.49,-0.172,-0.25,0.039,-54.52,32.06,-14.94
2.805004,1765055662.720769,0.553,-0.372,0.243,-29.96,-56.57,-27.5,-0.172,-0.25,0.039,-54.52,32.06,-14.94
2.822001,1765055662.721351,0.553,-0.372,0.243,-29.96,-56.57,-27.5,-0.172,-0.25,0.039,-54.52,32.06,-14.95
2.839053,1765055662.7774441,0.553,-0.372,0.243,-29.96,-56.58,-27.51,-0.172,-0.25,0.039,-54.52,32.06,-14.95
2.856004,1765055662.781827,0.553,-0.372,0.243,-29.96,-56.58,-27.51,-0.172,-0.25,0.039,-54.52,32.06,-14.95
2.873002,1765055662.78431,0.553,-0.372,0.243,-29.96,-56.58,-27.51,-0.172,-0.25,0.039,-54.52,32.06,-14.96
2.89,1765055662.8094552,0.553,-0.372,0.243,-29.96,-56.58,-27.52,-0.172,-0.25,0.039,-54.52,32.06,-14.96
2.907002,1765055662.812834,0.553,-0.372,0.243,-29.95,-56.58,-27.52,-0.172,-0.25,0.039,-54.52,32.06,-14.96
2.924002,1765055662.841988,0.553,-0.372,0.243,-29.95,-56.58,-27.53,-0.172,-0.25,0.039,-54.52,32.06,-14.97
2.941001,1765055662.844168,0.553,-0.372,0.243,-29.95,-56.58,-27.53,-0.172,-0.25,0.039,-54.52,32.06,-14.97
2.958054,1765055662.901209,0.553,-0.372,0.243,-29.95,-56.58,-27.54,-0.172,-0.25,0.039,-54.52,32.06,-14.97
2.975004,1765055662.930181,0.553,-0.372,0.243,-29.95,-56.58,-27.54,-0.172,-0.25,0.039,-54.52,32.06,-14.98
2.992002,1765055662.9326148,0.553,-0.372,0.243,-29.95,-56.58,-27.54,-0.172,-0.25,0.039,-54.52,32.06,-14.98
3.009003,1765055662.9343019,0.553,-0.372,0.243,-29.95,-56.58,-27.55,-0.172,-0.25,0.039,-54.52,32.06,-14.98
3.026004,1765055662.961801,0.553,-0.372,0.243,-29.95,-56.58,-27.55,-0.172,-0.25,0.039,-54.52,32.06,-14.99
3.043003,1765055662.964015,0.553,-0.372,0.243,-29.95,-56.58,-27.56,-0.172,-0.25,0.039,-54.52,32.06,-14.99
3.060003,1765055662.99063,0.553,-0.372,0.243,-29.95,-56.58,-27.56,-0.172,-0.25,0.039,-54.52,32.06,-14.99
3.077055,1765055662.991424,0.553,-0.372,0.243,-29.95,-56.58,-27.57,-0.172,-0.25,0.039,-54.52,32.06,-14.99
3.094004,1765055662.994283,0.553,-0.372,0.243,-29.95,-56.58,-27.57,-0.172,-0.25,0.039,-54.52,32.06,-15.0
3.111055,1765055663.023256,0.553,-0.372,0.243,-29.95,-56.58,-27.57,-0.172,-0.25,0.039,-54.52,32.06,-15.0
3.128001,1765055663.023792,0.553,-0.372,0.243,-29.95,-56.58,-27.58,-0.172,-0.25,0.039,-54.52,32.06,-15.0
3.145004,1765055663.0802119,0.553,-0.372,0.243,-29.95,-56.58,-27.58,-0.172,-0.25,0.039,-54.52,32.06,-15.01
3.162002,1765055663.110416,0.553,-0.372,0.243,-29.95,-56.58,-27.59,-0.172,-0.25,0.039,-54.52,32.06,-15.01
3.179002,1765055663.1121979,0.553,-0.372,0.243,-29.95,-56.58,-27.59,-0.172,-0.25,0.039,-54.52,32.06,-15.01
3.196004,1765055663.138752,0.553,-0.372,0.243,-29.95,-56.58,-27.6,-0.172,-0.25,0.039,-54.52,32.06,-15.02
3.213,1765055663.168743,0.553,-0.372,0.243,-29.95,-56.58,-27.6,-0.172,-0.25,0.039,-54.52,32.06,-15.02
3.230003,1765055663.171535,0.553,-0.372,0.243,-29.95,-56.58,-27.6,-0.172,-0.25,0.039,-54.52,32.06,-15.02
3.247002,1765055663.173151,0.553,-0.372,0.243,-29.95,-56.58,-27.61,-0.172,-0.25,0.039,-54.52,32.06,-15.03
3.264001,1765055663.202466,0.553,-0.372,0.243,-29.95,-56.58,-27.61,-0.172,-0.25,0.039,-54.52,32.06,-15.03
3.281,1765055663.203051,0.553,-0.372,0.243,-29.95,-56.58,-27.62,-0.172,-0.25,0.039,-54.52,32.06,-15.03
3.298001,1765055663.230098,0.553,-0.372,0.243,-29.95,-56.58,-27.62,-0.172,-0.25,0.039,-54.52,32.06,-15.04
3.315,1765055663.232079,0.553,-0.372,0.243,-29.95,-56.58,-27.63,-0.172,-0.25,0.039,-54.52,32.06,-15.04
3.332002,1765055663.233257,0.553,-0.372,0.243,-29.95,-56.58,-27.63,-0.172,-0.25,0.039,-54.52,32.06,-15.04
3.349053,1765055663.26036,0.553,-0.372,0.243,-29.95,-56.58,-27.63,-0.172,-0.25,0.039,-54.52,32.06,-15.05
3.366001,1765055663.261858,0.553,-0.372,0.243,-29.95,-56.58,-27.64,-0.172,-0.25,0.039,-54.52,32.06,-15.05
3.383001,1765055663.318335,0.553,-0.372,0.243,-29.95,-56.58,-27.64,-0.172,-0.25,0.039,-54.52,32.06,-15.05
3.400002,1765055663.37904,0.553,-0.372,0.243,-29.95,-56.58,-27.65,-0.172,-0.25,0.039,-54.52,32.06,-15.06
3.417001,1765055663.410421,0.553,-0.372,0.243,-29.95,-56.58,-27.65,-0.172,-0.25,0.039,-54.52,32.06,-15.06
3.434004,1765055663.4397938,0.553,-0.372,0.243,-29.95,-56.58,-27.66,-0.172,-0.25,0.039,-54.52,32.06,-15.06
3.451004,1765055663.471013,0.553,-0.372,0.243,-29.95,-56.58,-27.66,-0.172,-0.25,0.039,-54.52,32.06,-15.06
3.468003,1765055663.474838,0.553,-0.372,0.243,-29.95,-56.58,-27.66,-0.172,-0.25,0.039,-54.52,32.06,-15.07
3.485003,1765055663.502789,0.553,-0.372,0.243,-29.95,-56.58,-27.67,-0.172,-0.25,0.039,-54.52,32.06,-15.07
3.502003,1765055663.502948,0.553,-0.372,0.243,-29.95,-56.58,-27.67,-0.172,-0.25,0.039,-54.52,32.06,-15.07
3.519001,1765055663.5035331,0.553,-0.372,0.243,-29.95,-56.58,-27.68,-0.172,-0.25,0.039,-54.52,32.06,-15.08
3.536004,1765055663.5315158,0.553,-0.372,0.243,-29.95,-56.58,-27.68,-0.172,-0.25,0.039,-54.52,32.06,-15.08
3.553003,1765055663.5363278,0.553,-0.372,0.243,-29.95,-56.58,-27.69,-0.172,-0.25,0.039,-54.52,32.06,-15.08
3.570002,1765055663.561731,0.553,-0.372,0.243,-29.95,-56.58,-27.69,-0.172,-0.25,0.039,-54.52,32.06,-15.09
3.587004,1765055663.56197,0.553,-0.372,0.243,-29.95,-56.58,-27.69,-0.172,-0.25,0.039,-54.52,32.06,-15.09
3.604003,1765055663.564279,0.553,-0.372,0.243,-29.95,-56.58,-27.7,-0.172,-0.25,0.039,-54.52,32.06,-15.09
3.621052,1765055663.593272,0.553,-0.372,0.243,-29.95,-56.58,-27.7,-0.172,-0.25,0.039,-54.52,32.06,-15.1
3.638002,1765055663.620729,0.553,-0.372,0.243,-29.95,-56.58,-27.71,-0.172,-0.25,0.039,-54.52,32.06,-15.1
3.655003,1765055663.62211,0.553,-0.372,0.243,-29.95,-56.58,-27.71,-0.172,-0.25,0.039,-54.52,32.06,-15.1
3.672005,1765055663.653347,0.553,-0.372,0.243,-29.95,-56.58,-27.72,-0.172,-0.25,0.039,-54.52,32.06,-15.11
3.689001,1765055663.6536791,0.553,-0.372,0.243,-29.95,-56.58,-27.72,-0.172,-0.25,0.039,-54.52,32.06,-15.11
3.706001,1765055663.678984,0.553,-0.372,0.243,-29.95,-56.58,-27.72,-0.172,-0.25,0.039,-54.52,32.06,-15.11
3.723003,1765055663.719937,0.553,-0.372,0.243,-29.95,-56.58,-27.73,-0.172,-0.25,0.039,-54.52,32.06,-15.12
3.740055,1765055663.720047,0.553,-0.372,0.243,-29.95,-56.58,-27.73,-0.172,-0.25,0.039,-54.52,32.06,-15.12
3.757,1765055663.720122,0.553,-0.372,0.243,-29.95,-56.58,-27.74,-0.172,-0.25,0.039,-54.52,32.06,-15.12
3.774001,1765055663.740215,0.553,-0.372,0.243,-29.95,-56.58,-27.74,-0.172,-0.25,0.039,-54.52,32.06,-15.13
3.791,1765055663.743232,0.553,-0.372,0.243,-29.95,-56.58,-27.75,-0.172,-0.25,0.039,-54.52,32.06,-15.13
3.808001,1765055663.7691321,0.553,-0.372,0.243,-29.95,-56.58,-27.75,-0.172,-0.25,0.039,-54.52,32.06,-15.13
3.825,1765055663.773358,0.553,-0.372,0.243,-29.95,-56.58,-27.75,-0.172,-0.25,0.039,-54.52,32.06,-15.14
3.842,1765055663.773699,0.553,-0.372,0.243,-29.95,-56.58,-27.76,-0.172,-0.25,0.039,-54.52,32.06,-15.14
3.859051,1765055663.800214,0.553,-0.372,0.243,-29.95,-56.58,-27.76,-0.172,-0.25,0.039,-54.52,32.06,-15.14
3.876004,1765055663.8310342,0.553,-0.372,0.243,-29.95,-56.58,-27.77,-0.172,-0.25,0.039,-54.52,32.06,-15.14
3.893055,1765055663.8326101,0.553,-0.372,0.243,-29.95,-56.58,-27.77,-0.172,-0.25,0.039,-54.52,32.06,-15.15
3.910003,1765055663.859138,0.553,-0.372,0.243,-29.95,-56.58,-27.78,-0.172,-0.25,0.039,-54.52,32.06,-15.15
3.927002,1765055663.8897002,0.553,-0.372,0.243,-29.95,-56.58,-27.78,-0.172,-0.25,0.039,-54.52,32.06,-15.15
3.944003,1765055663.9210932,0.553,-0.372,0.243,-29.95,-56.58,-27.78,-0.172,-0.25,0.039,-54.52,32.06,-15.16
3.961003,1765055663.923708,0.553,-0.372,0.243,-29.95,-56.58,-27.79,-0.172,-0.25,0.039,-54.52,32.06,-15.16
3.978004,1765055663.9486542,0.553,-0.372,0.243,-29.95,-56.58,-27.79,-0.172,-0.25,0.039,-54.52,32.06,-15.16
3.995001,1765055663.951734,0.553,-0.372,0.243,-29.95,-56.58,-27.8,-0.172,-0.25,0.039,-54.52,32.06,-15.17
4.012004,1765055663.9541671,0.553,-0.372,0.243,-29.95,-56.58,-27.8,-0.172,-0.25,0.039,-54.52,32.06,-15.17
4.029004,1765055664.0123038,0.553,-0.372,0.243,-29.95,-56.58,-27.81,-0.172,-0.25,0.039,-54.52,32.06,-15.17
4.046004,1765055664.0137239,0.553,-0.372,0.243,-29.95,-56.58,-27.81,-0.172,-0.25,0.039,-54.52,32.06,-15.18
4.063002,1765055664.040289,0.553,-0.372,0.243,-29.95,-56.58,-27.81,-0.172,-0.25,0.039,-54.52,32.06,-15.18
4.080002,1765055664.0418718,0.553,-0.372,0.243,-29.95,-56.58,-27.82,-0.172,-0.25,0.039,-54.52,32.06,-15.18
4.097004,1765055664.043076,0.553,-0.372,0.243,-29.95,-56.58,-27.82,-0.172,-0.25,0.039,-54.52,32.06,-15.19
4.114002,1765055664.071141,0.553,-0.372,0.243,-29.95,-56.58,-27.83,-0.172,-0.25,0.039,-54.52,32.06,-15.19
4.131001,1765055664.100689,0.553,-0.372,0.243,-29.95,-56.58,-27.83,-0.172,-0.25,0.039,-54.52,32.06,-15.19
4.148,1765055664.12968,0.553,-0.372,0.243,-29.95,-56.58,-27.84,-0.172,-0.25,0.039,-54.52,32.06,-15.2
4.165003,1765055664.1601112,0.553,-0.372,0.243,-29.95,-56.58,-27.84,-0.172,-0.25,0.039,-54.52,32.06,-15.2
4.182002,1765055664.164282,0.553,-0.372,0.243,-29.95,-56.58,-27.84,-0.172,-0.25,0.039,-54.52,32.06,-15.2
4.199003,1765055664.219007,0.553,-0.372,0.243,-29.95,-56.58,-27.85,-0.172,-0.25,0.039,-54.52,32.06,-15.21
4.216001,1765055664.222202,0.553,-0.372,0.243,-29.95,-56.58,-27.85,-0.172,-0.25,0.039,-54.52,32.06,-15.21
4.233002,1765055664.2236118,0.553,-0.372,0.243,-29.95,-56.58,-27.86,-0.172,-0.25,0.039,-54.52,32.06,-15.21
4.250003,1765055664.250815,0.553,-0.372,0.243,-29.95,-56.58,-27.86,-0.172,-0.25,0.039,-54.52,32.05,-15.22
4.267002,1765055664.253222,0.553,-0.372,0.243,-29.95,-56.58,-27.87,-0.172,-0.25,0.039,-54.52,32.05,-15.22
4.284003,1765055664.280425,0.553,-0.372,0.243,-29.95,-56.58,-27.87,-0.172,-0.25,0.039,-54.52,32.05,-15.22
4.301002,1765055664.281615,0.553,-0.372,0.243,-29.95,-56.58,-27.87,-0.172,-0.25,0.039,-54.52,32.05,-15.22
4.318003,1765055664.283944,0.553,-0.372,0.243,-29.95,-56.58,-27.88,-0.172,-0.25,0.039,-54.52,32.05,-15.23
4.335003,1765055664.313021,0.553,-0.372,0.243,-29.95,-56.58,-27.88,-0.172,-0.25,0.039,-54.52,32.05,-15.23
4.352002,1765055664.3133361,0.553,-0.372,0.243,-29.95,-56.58,-27.89,-0.172,-0.25,0.039,-54.52,32.05,-15.23
4.369001,1765055664.340693,0.553,-0.372,0.243,-29.95,-56.58,-27.89,-0.172,-0.25,0.039,-54.52,32.05,-15.24
4.386001,1765055664.343528,0.553,-0.372,0.243,-29.95,-56.58,-27.9,-0.172,-0.25,0.039,-54.52,32.05,-15.24
4.403002,1765055664.3706381,0.553,-0.372,0.243,-29.95,-56.58,-27.9,-0.172,-0.25,0.039,-54.52,32.05,-15.24
4.420003,1765055664.399343,0.553,-0.372,0.243,-29.95,-56.58,-27.9,-0.172,-0.25,0.039,-54.52,32.05,-15.25
4.437003,1765055664.402187,0.553,-0.372,0.243,-29.95,-56.58,-27.91,-0.172,-0.25,0.039,-54.52,32.05,-15.25
4.454001,1765055664.403253,0.553,-0.372,0.243,-29.95,-56.58,-27.91,-0.172,-0.25,0.039,-54.52,32.05,-15.25
4.471003,1765055664.4292731,0.553,-0.372,0.243,-29.95,-56.58,-27.92,-0.172,-0.25,0.039,-54.52,32.05,-15.26
4.488056,1765055664.460742,0.553,-0.372,0.243,-29.95,-56.58,-27.92,-0.172,-0.25,0.039,-54.52,32.05,-15.26
4.505001,1765055664.4619179,0.553,-0.372,0.243,-29.95,-56.58,-27.93,-0.172,-0.25,0.039,-54.52,32.05,-15.26
4.522036,1765055664.490462,0.553,-0.372,0.243,-29.95,-56.58,-27.93,-0.172,-0.25,0.039,-54.52,32.05,-15.27
4.539003,1765055664.4920871,0.553,-0.372,0.243,-29.95,-56.58,-27.93,-0.172,-0.25,0.039,-54.52,32.05,-15.27
4.556001,1765055664.5199318,0.553,-0.372,0.243,-29.95,-56.58,-27.94,-0.172,-0.25,0.039,-54.52,32.05,-15.27
4.573003,1765055664.549907,0.553,-0.372,0.243,-29.95,-56.58,-27.94,-0.172,-0.25,0.039,-54.52,32.05,-15.28
4.590004,1765055664.5526102,0.553,-0.372,0.243,-29.95,-56.58,-27.95,-0.172,-0.25,0.039,-54.52,32.05,-15.28
4.607003,1765055664.552812,0.553,-0.372,0.243,-29.95,-56.58,-27.95,-0.172,-0.25,0.039,-54.52,32.05,-15.28
4.624,1765055664.580996,0.553,-0.372,0.243,-29.95,-56.58,-27.96,-0.172,-0.25,0.039,-54.52,32.05,-15.29
4.641004,1765055664.582261,0.553,-0.372,0.243,-29.95,-56.58,-27.96,-0.172,-0.25,0.039,-54.52,32.05,-15.29
4.658004,1765055664.611945,0.553,-0.372,0.243,-29.95,-56.58,-27.96,-0.172,-0.25,0.039,-54.52,32.05,-15.29
4.675003,1765055664.612101,0.553,-0.372,0.243,-29.95,-56.58,-27.97,-0.172,-0.25,0.039,-54.52,32.05,-15.3
4.692003,1765055664.6133718,0.553,-0.372,0.243,-29.95,-56.58,-27.97,-0.172,-0.25,0.039,-54.52,32.05,-15.3
4.709002,1765055664.644138,0.553,-0.372,0.243,-29.95,-56.58,-27.98,-0.172,-0.25,0.039,-54.52,32.05,-15.3
4.726001,1765055664.6705,0.553,-0.372,0.243,-29.95,-56.58,-27.98,-0.172,-0.25,0.039,-54.52,32.05,-15.3
4.743002,1765055664.678807,0.553,-0.372,0.243,-29.95,-56.58,-27.99,-0.172,-0.25,0.039,-54.52,32.05,-15.31
4.760004,1765055664.700703,0.553,-0.372,0.243,-29.95,-56.58,-27.99,-0.172,-0.25,0.039,-54.52,32.05,-15.31
4.777,1765055664.72898,0.553,-0.372,0.243,-29.95,-56.58,-27.99,-0.172,-0.25,0.039,-54.52,32.05,-15.31
4.794,1765055664.732152,0.553,-0.372,0.243,-29.95,-56.58,-28.0,-0.172,-0.25,0.039,-54.52,32.05,-15.32
4.811002,1765055664.7591958,0.553,-0.372,0.243,-29.95,-56.58,-28.0,-0.172,-0.25,0.039,-54.52,32.05,-15.32
4.828,1765055664.78941,0.553,-0.372,0.243,-29.95,-56.58,-28.01,-0.172,-0.25,0.039,-54.52,32.05,-15.32
4.845003,1765055664.793632,0.553,-0.372,0.243,-29.95,-56.58,-28.01,-0.172,-0.25,0.039,-54.52,32.05,-15.33
4.862004,1765055664.819357,0.553,-0.372,0.243,-29.95,-56.58,-28.02,-0.172,-0.25,0.039,-54.52,32.05,-15.33
4.879003,1765055664.84892,0.553,-0.372,0.243,-29.95,-56.58,-28.02,-0.172,-0.25,0.039,-54.52,32.05,-15.33
4.896002,1765055664.853087,0.553,-0.372,0.243,-29.95,-56.58,-28.02,-0.172,-0.25,0.039,-54.52,32.05,-15.34
4.913001,1765055664.878198,0.553,-0.372,0.243,-29.95,-56.58,-28.03,-0.172,-0.25,0.039,-54.52,32.05,-15.34
4.930002,1765055664.880651,0.553,-0.372,0.243,-29.95,-56.58,-28.03,-0.172,-0.25,0.039,-54.52,32.05,-15.34
4.947001,1765055664.882932,0.553,-0.372,0.243,-29.95,-56.58,-28.04,-0.172,-0.25,0.039,-54.52,32.05,-15.35
4.964001,1765055664.910143,0.553,-0.372,0.243,-29.95,-56.58,-28.04,-0.172,-0.25,0.039,-54.52,32.05,-15.35
4.981004,1765055664.912683,0.553,-0.372,0.243,-29.95,-56.59,-28.05,-0.172,-0.25,0.039,-54.52,32.05,-15.35
4.998002,1765055664.940344,0.553,-0.372,0.243,-29.95,-56.59,-28.05,-0.172,-0.25,0.039,-54.52,32.05,-15.36
5.015003,1765055664.969381,0.553,-0.372,0.243,-29.95,-56.59,-28.05,-0.172,-0.25,0.039,-54.52,32.05,-15.36
5.032001,1765055665.0008771,0.553,-0.372,0.243,-29.95,-56.59,-28.06,-0.172,-0.25,0.039,-54.52,32.05,-15.36
5.049,1765055665.004949,0.553,-0.372,0.243,-29.95,-56.59,-28.06,-0.172,-0.25,0.039,-54.52,32.05,-15.37
5.066001,1765055665.0304132,0.553,-0.372,0.243,-29.95,-56.59,-28.07,-0.172,-0.25,0.039,-54.52,32.05,-15.37
5.083004,1765055665.0326889,0.553,-0.372,0.243,-29.95,-56.59,-28.07,-0.172,-0.25,0.039,-54.52,32.05,-15.37
5.1,1765055665.0342028,0.553,-0.372,0.243,-29.95,-56.59,-28.08,-0.172,-0.25,0.039,-54.52,32.05,-15.37
5.117002,1765055665.061158,0.553,-0.372,0.243,-29.95,-56.59,-28.08,-0.172,-0.25,0.039,-54.52,32.05,-15.38
5.134,1765055665.063607,0.553,-0.372,0.243,-29.95,-56.59,-28.08,-0.172,-0.25,0.039,-54.52,32.05,-15.38
5.151054,1765055665.089887,0.553,-0.372,0.243,-29.95,-56.59,-28.09,-0.172,-0.25,0.039,-54.52,32.05,-15.38
5.168003,1765055665.1510751,0.553,-0.372,0.243,-29.95,-56.59,-28.09,-0.172,-0.25,0.039,-54.52,32.05,-15.39
5.185003,1765055665.151428,0.553,-0.372,0.243,-29.95,-56.59,-28.1,-0.172,-0.25,0.039,-54.52,32.05,-15.39
5.202,1765055665.155435,0.553,-0.372,0.243,-29.95,-56.59,-28.1,-0.172,-0.25,0.039,-54.52,32.05,-15.39
5.219002,1765055665.179596,0.553,-0.372,0.243,-29.95,-56.59,-28.11,-0.172,-0.25,0.039,-54.52,32.05,-15.4
5.236003,1765055665.1822,0.553,-0.372,0.243,-29.95,-56.59,-28.11,-0.172,-0.25,0.039,-54.52,32.05,-15.4
5.253004,1765055665.210377,0.553,-0.372,0.243,-29.95,-56.59,-28.11,-0.172,-0.25,0.039,-54.52,32.05,-15.4
5.270053,1765055665.2107148,0.553,-0.372,0.243,-29.95,-56.59,-28.12,-0.172,-0.25,0.039,-54.52,32.05,-15.41
5.287003,1765055665.214101,0.553,-0.372,0.243,-29.95,-56.59,-28.12,-0.172,-0.25,0.039,-54.52,32.05,-15.41
5.304001,1765055665.271343,0.553,-0.372,0.243,-29.95,-56.59,-28.13,-0.172,-0.25,0.039,-54.52,32.05,-15.41
5.321001,1765055665.272417,0.553,-0.372,0.243,-29.95,-56.59,-28.13,-0.172,-0.25,0.039,-54.52,32.05,-15.42
5.338002,1765055665.298709,0.553,-0.372,0.243,-29.95,-56.59,-28.14,-0.172,-0.25,0.039,-54.52,32.05,-15.42
5.355001,1765055665.302114,0.553,-0.372,0.243,-29.95,-56.59,-28.14,-0.172,-0.25,0.039,-54.52,32.05,-15.42
5.372002,1765055665.3034089,0.553,-0.372,0.243,-29.95,-56.59,-28.14,-0.172,-0.25,0.039,-54.52,32.05,-15.43
5.389051,1765055665.3303292,0.553,-0.372,0.243,-29.95,-56.59,-28.15,-0.172,-0.25,0.039,-54.52,32.05,-15.43
5.406,1765055665.332067,0.553,-0.372,0.243,-29.95,-56.59,-28.15,-0.172,-0.25,0.039,-54.52,32.05,-15.43
5.423055,1765055665.359584,0.553,-0.372,0.243,-29.95,-56.59,-28.16,-0.172,-0.25,0.039,-54.52,32.05,-15.44
5.44,1765055665.388834,0.553,-0.372,0.243,-29.95,-56.59,-28.16,-0.172,-0.25,0.039,-54.52,32.05,-15.44
5.457002,1765055665.418914,0.553,-0.372,0.243,-29.95,-56.59,-28.17,-0.172,-0.25,0.039,-54.52,32.05,-15.44
5.474,1765055665.422195,0.553,-0.372,0.243,-29.95,-56.59,-28.17,-0.172,-0.25,0.039,-54.52,32.05,-15.45
5.491002,1765055665.480238,0.553,-0.372,0.243,-29.95,-56.59,-28.17,-0.172,-0.25,0.039,-54.52,32.05,-15.45
5.508001,1765055665.482141,0.553,-0.372,0.243,-29.95,-56.59,-28.18,-0.172,-0.25,0.039,-54.52,32.05,-15.45
5.525002,1765055665.4835498,0.553,-0.372,0.243,-29.95,-56.59,-28.18,-0.172,-0.25,0.039,-54.52,32.05,-15.45
5.542054,1765055665.509863,0.553,-0.372,0.243,-29.95,-56.59,-28.19,-0.172,-0.25,0.039,-54.52,32.05,-15.46
5.559004,1765055665.5135539,0.553,-0.372,0.243,-29.95,-56.59,-28.19,-0.172,-0.25,0.039,-54.52,32.05,-15.46
5.576004,1765055665.541425,0.553,-0.372,0.243,-29.95,-56.59,-28.2,-0.172,-0.25,0.039,-54.52,32.05,-15.46
5.593004,1765055665.5415292,0.553,-0.372,0.243,-29.95,-56.59,-28.2,-0.172,-0.25,0.039,-54.52,32.05,-15.47
5.610003,1765055665.543829,0.553,-0.372,0.243,-29.95,-56.59,-28.2,-0.172,-0.25,0.039,-54.52,32.05,-15.47
5.627001,1765055665.569932,0.553,-0.372,0.243,-29.95,-56.59,-28.21,-0.172,-0.25,0.039,-54.52,32.05,-15.47
5.644003,1765055665.603261,0.553,-0.372,0.243,-29.95,-56.59,-28.21,-0.172,-0.25,0.039,-54.52,32.05,-15.48
5.661,1765055665.6312478,0.553,-0.372,0.243,-29.95,-56.59,-28.22,-0.172,-0.25,0.039,-54.52,32.05,-15.48
5.678004,1765055665.6321259,0.553,-0.372,0.243,-29.95,-56.59,-28.22,-0.172,-0.25,0.039,-54.52,32.05,-15.48
5.695002,1765055665.660108,0.553,-0.372,0.243,-29.95,-56.59,-28.23,-0.172,-0.25,0.039,-54.52,32.05,-15.49
5.712,1765055665.689,0.553,-0.372,0.243,-29.95,-56.59,-28.23,-0.172,-0.25,0.039,-54.52,32.05,-15.49
5.729004,1765055665.719848,0.553,-0.372,0.243,-29.95,-56.59,-28.23,-0.172,-0.25,0.039,-54.52,32.05,-15.49
5.746003,1765055665.722236,0.553,-0.372,0.243,-29.95,-56.59,-28.24,-0.172,-0.25,0.039,-54.52,32.05,-15.5
5.763004,1765055665.7511501,0.553,-0.372,0.243,-29.95,-56.59,-28.24,-0.172,-0.25,0.039,-54.52,32.05,-15.5
5.78,1765055665.752022,0.553,-0.372,0.243,-29.95,-56.59,-28.25,-0.172,-0.25,0.039,-54.52,32.05,-15.5
5.797,1765055665.778969,0.553,-0.372,0.243,-29.95,-56.59,-28.25,-0.172,-0.25,0.039,-54.52,32.05,-15.51
5.814001,1765055665.781274,0.553,-0.372,0.243,-29.95,-56.59,-28.26,-0.172,-0.25,0.039,-54.52,32.05,-15.51
5.831004,1765055665.782281,0.553,-0.372,0.243,-29.95,-56.59,-28.26,-0.172,-0.25,0.039,-54.52,32.05,-15.51
5.848005,1765055665.809261,0.553,-0.372,0.243,-29.95,-56.59,-28.26,-0.172,-0.25,0.039,-54.52,32.05,-15.52
5.865002,1765055665.8441758,0.553,-0.372,0.243,-29.95,-56.59,-28.27,-0.172,-0.25,0.039,-54.52,32.05,-15.52
5.882004,1765055665.84448,0.553,-0.372,0.243,-29.95,-56.59,-28.27,-0.172,-0.25,0.039,-54.52,32.05,-15.52
5.899002,1765055665.870709,0.553,-0.372,0.243,-29.95,-56.59,-28.28,-0.172,-0.25,0.039,-54.52,32.05,-15.53
5.916004,1765055665.872148,0.553,-0.372,0.243,-29.95,-56.59,-28.28,-0.172,-0.25,0.039,-54.52,32.05,-15.53
5.933,1765055665.8737001,0.553,-0.372,0.243,-29.95,-56.59,-28.29,-0.172,-0.25,0.039,-54.52,32.05,-15.53
5.950004,1765055665.927458,0.553,-0.372,0.243,-29.95,-56.59,-28.29,-0.172,-0.25,0.039,-54.52,32.05,-15.53
5.967002,1765055665.931401,0.553,-0.372,0.243,-29.95,-56.59,-28.29,-0.172,-0.25,0.039,-54.52,32.05,-15.54
5.984001,1765055665.934361,0.553,-0.372,0.243,-29.95,-56.59,-28.3,-0.172,-0.25,0.039,-54.52,32.05,-15.54
6.001003,1765055665.9875982,0.553,-0.372,0.243,-29.95,-56.59,-28.3,-0.172,-0.25,0.039,-54.52,32.05,-15.54
6.018053,1765055665.992099,0.553,-0.372,0.243,-29.95,-56.59,-28.31,-0.172,-0.25,0.039,-54.52,32.05,-15.55
6.035002,1765055665.9927738,0.553,-0.372,0.243,-29.95,-56.59,-28.31,-0.172,-0.25,0.039,-54.52,32.05,-15.55
6.052001,1765055666.0207129,0.553,-0.372,0.243,-29.95,-56.59,-28.32,-0.172,-0.25,0.039,-54.52,32.05,-15.55
6.069,1765055666.021952,0.553,-0.372,0.243,-29.95,-56.59,-28.32,-0.172,-0.25,0.039,-54.52,32.05,-15.56
6.086003,1765055666.0521631,0.553,-0.372,0.243,-29.95,-56.59,-28.32,-0.172,-0.25,0.039,-54.52,32.05,-15.56
6.103,1765055666.052377,0.553,-0.372,0.243,-29.95,-56.59,-28.33,-0.172,-0.25,0.039,-54.52,32.05,-15.56
6.120002,1765055666.053194,0.553,-0.372,0.243,-29.95,-56.59,-28.33,-0.172,-0.25,0.039,-54.52,32.05,-15.57
6.137002,1765055666.079763,0.553,-0.372,0.243,-29.95,-56.59,-28.34,-0.172,-0.25,0.039,-54.52,32.05,-15.57
6.154001,1765055666.110927,0.553,-0.372,0.243,-29.95,-56.59,-28.34,-0.172,-0.25,0.039,-54.52,32.05,-15.57
6.171003,1765055666.1152298,0.553,-0.372,0.243,-29.95,-56.59,-28.35,-0.172,-0.25,0.039,-54.52,32.05,-15.58
6.188002,1765055666.140296,0.553,-0.372,0.243,-29.95,-56.59,-28.35,-0.172,-0.25,0.039,-54.52,32.05,-15.58
6.205001,1765055666.143214,0.553,-0.372,0.243,-29.95,-56.59,-28.35,-0.172,-0.25,0.039,-54.52,32.05,-15.58
6.222,1765055666.171998,0.553,-0.372,0.243,-29.95,-56.59,-28.36,-0.172,-0.25,0.039,-54.52,32.05,-15.59
6.239003,1765055666.199052,0.553,-0.372,0.243,-29.95,-56.59,-28.36,-0.172,-0.25,0.039,-54.52,32.05,-15.59
6.256004,1765055666.2015731,0.553,-0.372,0.243,-29.95,-56.59,-28.37,-0.172,-0.25,0.039,-54.52,32.05,-15.59
6.273,1765055666.203597,0.553,-0.372,0.243,-29.95,-56.59,-28.37,-0.172,-0.25,0.039,-54.52,32.05,-15.6
6.290055,1765055666.229146,0.553,-0.372,0.243,-29.95,-56.59,-28.38,-0.172,-0.25,0.039,-54.52,32.05,-15.6
6.307002,1765055666.23158,0.553,-0.372,0.243,-29.95,-56.59,-28.38,-0.172,-0.25,0.039,-54.52,32.05,-15.6
6.324001,1765055666.258848,0.553,-0.372,0.243,-29.95,-56.59,-28.38,-0.172,-0.25,0.039,-54.52,32.05,-15.61
6.341001,1765055666.3187141,0.553,-0.372,0.243,-29.95,-56.59,-28.39,-0.172,-0.25,0.039,-54.52,32.05,-15.61
6.358001,1765055666.322458,0.553,-0.372,0.243,-29.95,-56.59,-28.39,-0.172,-0.25,0.039,-54.52,32.05,-15.61
6.375001,1765055666.3235462,0.553,-0.372,0.243,-29.95,-56.59,-28.4,-0.172,-0.25,0.039,-54.52,32.05,-15.61
6.392001,1765055666.350483,0.553,-0.372,0.243,-29.95,-56.59,-28.4,-0.172,-0.25,0.039,-54.52,32.05,-15.62
6.409,1765055666.378907,0.553,-0.372,0.243,-29.95,-56.59,-28.41,-0.172,-0.25,0.039,-54.52,32.05,-15.62
6.426,1765055666.382127,0.553,-0.372,0.243,-29.95,-56.59,-28.41,-0.172,-0.25,0.039,-54.52,32.05,-15.62
6.443002,1765055666.3837671,0.553,-0.372,0.243,-29.95,-56.59,-28.41,-0.172,-0.25,0.039,-54.52,32.05,-15.63
6.460002,1765055666.410846,0.553,-0.372,0.243,-29.95,-56.59,-28.42,-0.172,-0.25,0.039,-54.52,32.05,-15.63
6.477002,1765055666.412595,0.553,-0.372,0.243,-29.95,-56.59,-28.42,-0.172,-0.25,0.039,-54.52,32.05,-15.63
6.494004,1765055666.43838,0.553,-0.372,0.243,-29.95,-56.59,-28.43,-0.172,-0.25,0.039,-54.52,32.05,-15.64
6.511003,1765055666.441569,0.553,-0.372,0.243,-29.95,-56.59,-28.43,-0.172,-0.25,0.039,-54.52,32.05,-15.64
6.528055,1765055666.444482,0.553,-0.372,0.243,-29.95,-56.59,-28.44,-0.172,-0.25,0.039,-54.52,32.05,-15.64
6.545002,1765055666.4707031,0.553,-0.372,0.243,-29.95,-56.59,-28.44,-0.172,-0.25,0.039,-54.52,32.05,-15.65
6.562054,1765055666.472903,0.553,-0.372,0.243,-29.95,-56.59,-28.44,-0.172,-0.25,0.039,-54.52,32.05,-15.65
6.579,1765055666.500044,0.553,-0.372,0.243,-29.95,-56.59,-28.45,-0.172,-0.25,0.039,-54.52,32.05,-15.65
6.596002,1765055666.501537,0.553,-0.372,0.243,-29.95,-56.59,-28.45,-0.172,-0.25,0.039,-54.52,32.05,-15.66
6.613003,1765055666.503553,0.553,-0.372,0.243,-29.95,-56.59,-28.46,-0.172,-0.25,0.039,-54.52,32.05,-15.66
6.630003,1765055666.562342,0.553,-0.372,0.243,-29.95,-56.59,-28.46,-0.172,-0.25,0.039,-54.52,32.05,-15.66
6.647048,1765055666.563818,0.553,-0.372,0.243,-29.95,-56.59,-28.47,-0.172,-0.25,0.039,-54.52,32.05,-15.67
6.664002,1765055666.590925,0.553,-0.372,0.243,-29.95,-56.59,-28.47,-0.172,-0.25,0.039,-54.52,32.05,-15.67
6.681003,1765055666.6212192,0.553,-0.372,0.243,-29.95,-56.59,-28.47,-0.172,-0.25,0.039,-54.52,32.05,-15.67
6.698002,1765055666.622082,0.553,-0.372,0.243,-29.95,-56.59,-28.48,-0.172,-0.25,0.039,-54.52,32.05,-15.68
6.715004,1765055666.650708,0.553,-0.372,0.243,-29.95,-56.59,-28.48,-0.172,-0.25,0.039,-54.52,32.05,-15.68
6.732001,1765055666.6527748,0.553,-0.372,0.243,-29.95,-56.59,-28.49,-0.172,-0.25,0.039,-54.52,32.05,-15.68
6.749001,1765055666.6803179,0.553,-0.372,0.243,-29.95,-56.59,-28.49,-0.172,-0.25,0.039,-54.52,32.05,-15.68
6.766,1765055666.710695,0.553,-0.372,0.243,-29.95,-56.59,-28.5,-0.172,-0.25,0.039,-54.52,32.05,-15.69
6.783004,1765055666.712346,0.553,-0.372,0.243,-29.95,-56.59,-28.5,-0.172,-0.25,0.039,-54.52,32.05,-15.69
6.8,1765055666.740917,0.553,-0.372,0.243,-29.95,-56.59,-28.5,-0.172,-0.25,0.039,-54.52,32.05,-15.69
6.817001,1765055666.741159,0.553,-0.372,0.243,-29.95,-56.59,-28.51,-0.172,-0.25,0.039,-54.52,32.05,-15.7
6.834001,1765055666.746314,0.553,-0.372,0.243,-29.95,-56.59,-28.51,-0.172,-0.25,0.039,-54.52,32.05,-15.7
6.851002,1765055666.7703521,0.553,-0.372,0.243,-29.95,-56.59,-28.52,-0.172,-0.25,0.039,-54.52,32.05,-15.7
6.868003,1765055666.7726452,0.553,-0.372,0.243,-29.95,-56.59,-28.52,-0.172,-0.25,0.039,-54.52,32.05,-15.71
6.885003,1765055666.801962,0.553,-0.372,0.243,-29.95,-56.59,-28.53,-0.172,-0.25,0.039,-54.52,32.05,-15.71
6.902004,1765055666.802159,0.553,-0.372,0.243,-29.95,-56.59,-28.53,-0.172,-0.25,0.039,-54.52,32.05,-15.71
6.919001,1765055666.858346,0.553,-0.372,0.243,-29.95,-56.59,-28.53,-0.172,-0.25,0.039,-54.52,32.05,-15.72
6.936001,1765055666.8622332,0.553,-0.372,0.243,-29.95,-56.59,-28.54,-0.172,-0.25,0.039,-54.52,32.05,-15.72
6.953003,1765055666.86378,0.553,-0.372,0.243,-29.95,-56.59,-28.54,-0.172,-0.25,0.039,-54.52,32.05,-15.72
6.970002,1765055666.890843,0.553,-0.372,0.243,-29.95,-56.59,-28.55,-0.172,-0.25,0.039,-54.52,32.05,-15.73
6.987,1765055666.921855,0.553,-0.372,0.243,-29.95,-56.59,-28.55,-0.172,-0.25,0.039,-54.52,32.05,-15.73
7.004001,1765055666.922921,0.553,-0.372,0.243,-29.95,-56.59,-28.56,-0.172,-0.25,0.039,-54.52,32.05,-15.73
7.021001,1765055666.948656,0.553,-0.372,0.243,-29.95,-56.59,-28.56,-0.172,-0.25,0.039,-54.52,32.05,-15.74
7.038054,1765055666.95235,0.553,-0.372,0.243,-29.95,-56.59,-28.56,-0.172,-0.25,0.039,-54.52,32.05,-15.74
7.055002,1765055666.9531991,0.553,-0.372,0.243,-29.95,-56.59,-28.57,-0.172,-0.25,0.039,-54.52,32.05,-15.74
7.072055,1765055666.9808068,0.553,-0.372,0.243,-29.95,-56.59,-28.57,-0.172,-0.25,0.039,-54.52,32.05,-15.75
7.089004,1765055666.9817522,0.553,-0.372,0.243,-29.95,-56.59,-28.58,-0.172,-0.25,0.039,-54.52,32.05,-15.75
7.106003,1765055667.010139,0.553,-0.372,0.243,-29.95,-56.59,-28.58,-0.172,-0.25,0.039,-54.52,32.05,-15.75
7.123002,1765055667.040264,0.553,-0.372,0.243,-29.95,-56.59,-28.59,-0.172,-0.25,0.039,-54.52,32.05,-15.76
7.140002,1765055667.043542,0.553,-0.372,0.243,-29.95,-56.59,-28.59,-0.172,-0.25,0.039,-54.52,32.05,-15.76
7.157002,1765055667.0714781,0.553,-0.372,0.243,-29.95,-56.59,-28.59,-0.172,-0.25,0.039,-54.52,32.05,-15.76
7.174001,1765055667.099632,0.553,-0.372,0.243,-29.95,-56.59,-28.6,-0.172,-0.25,0.039,-54.52,32.05,-15.76
7.191004,1765055667.1042728,0.553,-0.372,0.243,-29.95,-56.59,-28.6,-0.172,-0.25,0.039,-54.52,32.05,-15.77
7.208002,1765055667.130351,0.553,-0.372,0.243,-29.95,-56.59,-28.61,-0.172,-0.25,0.039,-54.52,32.05,-15.77
7.225001,1765055667.1316218,0.553,-0.372,0.243,-29.95,-56.59,-28.61,-0.172,-0.25,0.039,-54.52,32.05,-15.77
7.242001,1765055667.132361,0.553,-0.372,0.243,-29.95,-56.59,-28.62,-0.172,-0.25,0.039,-54.52,32.05,-15.78
7.259003,1765055667.1598039,0.553,-0.372,0.243,-29.95,-56.59,-28.62,-0.172,-0.25,0.039,-54.52,32.05,-15.78
7.276001,1765055667.19172,0.553,-0.372,0.243,-29.95,-56.59,-28.62,-0.172,-0.25,0.039,-54.52,32.05,-15.78
7.293001,1765055667.1944609,0.553,-0.372,0.243,-29.95,-56.59,-28.63,-0.172,-0.25,0.039,-54.52,32.05,-15.79
7.310055,1765055667.220623,0.553,-0.372,0.243,-29.95,-56.59,-28.63,-0.172,-0.25,0.039,-54.52,32.05,-15.79
7.327003,1765055667.222375,0.553,-0.372,0.243,-29.95,-56.59,-28.64,-0.172,-0.25,0.039,-54.52,32.05,-15.79
7.344002,1765055667.2515998,0.553,-0.372,0.243,-29.95,-56.59,-28.64,-0.172,-0.25,0.039,-54.52,32.05,-15.8
7.361003,1765055667.252349,0.553,-0.372,0.243,-29.95,-56.59,-28.65,-0.172,-0.25,0.039,-54.52,32.05,-15.8
7.378001,1765055667.3079941,0.553,-0.372,0.243,-29.95,-56.59,-28.65,-0.172,-0.25,0.039,-54.52,32.05,-15.8
7.395002,1765055667.3121011,0.553,-0.372,0.243,-29.95,-56.59,-28.65,-0.172,-0.25,0.039,-54.52,32.05,-15.81
