time_s,rel_rate_x,rel_rate_y,rel_rate_z,rel_rate_dominant,rel_rate_magnitude,rel_angle_x,rel_angle_y,rel_angle_z,rel_angle_dominant,rel_angle_magnitude
0.0,-1.7647,0.0,0.0,-1.7647,1.7647,0.0053,0.0159,-0.0088,0.0053,0.0189
0.017,-1.7647,0.0,0.0,-1.7647,1.7647,-0.0247,0.0159,-0.0088,-0.0247,0.0307
0.035001,-1.6666,-0.5555,0.5555,-1.6666,1.8425,-0.0547,0.0059,0.0012,-0.0547,0.055
0.053001,0.5556,0.0,0.0,0.5556,0.5556,-0.0447,0.0059,0.0012,-0.0447,0.0451
0.071001,0.0,-1.1111,0.0,0.0,1.1111,-0.0447,-0.0141,0.0012,-0.0447,0.0469
0.089001,0.5556,-0.0,0.0,0.5556,0.5556,-0.0347,-0.0141,0.0012,-0.0347,0.0375
0.107001,1.6667,0.5556,0.0,1.6667,1.7568,-0.0047,-0.0041,0.0012,-0.0047,0.0064
0.125,0.5556,0.0,0.0,0.5556,0.5556,0.0053,-0.0041,0.0012,0.0053,0.0068
0.143001,0.5555,-0.0,0.0,0.5555,0.5555,0.0153,-0.0041,0.0012,0.0153,0.0159
0.161007,0.0,0.0,0.0,0.0,0.0,0.0153,-0.0041,0.0012,0.0153,0.0159
0.179,0.5558,0.5558,0.0,0.5558,0.786,0.0253,0.0059,0.0012,0.0253,0.026
0.196997,-0.5556,-0.0,0.0,-0.5556,0.5556,0.0153,0.0059,0.0012,0.0153,0.0164
0.215001,0.0,0.0,0.0,0.0,0.0,0.0153,0.0059,0.0012,0.0153,0.0164
0.233001,0.0,-0.5556,0.0,0.0,0.5556,0.0153,-0.0041,0.0012,0.0153,0.0159
0.251001,1.1111,0.0,0.0,1.1111,1.1111,0.0353,-0.0041,0.0012,0.0353,0.0356
0.267997,-0.5884,0.0,0.0,-0.5884,0.5884,0.0253,-0.0041,0.0012,0.0253,0.0257
0.285,0.5881,0.0,0.0,0.5881,0.5881,0.0353,-0.0041,0.0012,0.0353,0.0356
0.302,0.5882,0.0,0.0,0.5882,0.5882,0.0453,-0.0041,0.0012,0.0453,0.0455
0.319,0.5882,0.0,0.5882,0.5882,0.8319,0.0553,-0.0041,0.0112,0.0553,0.0566
0.336001,0.0,-0.0,0.0,0.0,0.0,0.0553,-0.0041,0.0112,0.0553,0.0566
0.354,0.0,0.0,-0.5556,0.0,0.5556,0.0553,-0.0041,0.0012,0.0553,0.0555
0.372,0.5556,0.0,0.0,0.5556,0.5556,0.0653,-0.0041,0.0012,0.0653,0.0654
0.39,0.0,0.0,0.5556,0.0,0.5556,0.0653,-0.0041,0.0112,0.0653,0.0664
0.408,0.0,-0.0,0.0,0.0,0.0,0.0653,-0.0041,0.0112,0.0653,0.0664
0.425001,-0.5882,-0.5882,0.0,-0.5882,0.8318,0.0553,-0.0141,0.0112,0.0553,0.0582
0.442001,-0.0,0.0,0.0,-0.0,0.0,0.0553,-0.0141,0.0112,0.0553,0.0582
0.459,0.5883,-0.5883,0.5883,0.5883,1.0189,0.0653,-0.0241,0.0212,0.0653,0.0728
0.476,-0.5882,0.0,-0.5882,-0.5882,0.8319,0.0553,-0.0241,0.0112,0.0553,0.0614
0.493997,0.0,0.5556,0.5556,0.0,0.7858,0.0553,-0.0141,0.0212,0.0553,0.0609
0.512,0.5555,0.0,0.0,0.5555,0.5555,0.0653,-0.0141,0.0212,0.0653,0.0701
0.529001,-0.0,0.0,0.0,-0.0,0.0,0.0653,-0.0141,0.0212,0.0653,0.0701
0.547,0.0,0.0,0.0,0.0,0.0,0.0653,-0.0141,0.0212,0.0653,0.0701
0.564,0.0,0.5882,0.5882,0.0,0.8319,0.0653,-0.0041,0.0312,0.0653,0.0725
0.581,0.0,0.0,0.0,0.0,0.0,0.0653,-0.0041,0.0312,0.0653,0.0725
0.597997,0.0,0.0,0.0,0.0,0.0,0.0653,-0.0041,0.0312,0.0653,0.0725
0.616,0.0,-0.0,0.0,0.0,0.0,0.0653,-0.0041,0.0312,0.0653,0.0725
0.634001,0.0,0.0,0.0,0.0,0.0,0.0653,-0.0041,0.0312,0.0653,0.0725
0.651999,0.0,0.0,0.0,0.0,0.0,0.0653,-0.0041,0.0312,0.0653,0.0725
0.669001,1.1763,0.0,0.0,1.1763,1.1763,0.0853,-0.0041,0.0312,0.0853,0.0909
0.687,-0.5556,0.5556,0.0,-0.5556,0.7857,0.0753,0.0059,0.0312,0.0753,0.0817
0.704001,0.5882,-0.5882,0.0,0.5882,0.8318,0.0853,-0.0041,0.0312,0.0853,0.0909
0.721,0.0,0.5883,0.0,0.0,0.5883,0.0853,0.0059,0.0312,0.0853,0.091
0.738002,0.0,0.0,0.0,0.0,0.0,0.0853,0.0059,0.0312,0.0853,0.091
0.756,0.0,0.0,0.0,0.0,0.0,0.0853,0.0059,0.0312,0.0853,0.091
0.774001,0.5555,0.0,0.5555,0.5555,0.7856,0.0953,0.0059,0.0412,0.0953,0.104
0.791,0.0,0.0,0.0,0.0,0.0,0.0953,0.0059,0.0412,0.0953,0.104
0.808,0.0,-0.5882,0.0,0.0,0.5882,0.0953,-0.0041,0.0412,0.0953,0.1039
0.825001,0.0,0.0,0.0,0.0,0.0,0.0953,-0.0041,0.0412,0.0953,0.1039
0.842,0.5883,0.0,0.0,0.5883,0.5883,0.1053,-0.0041,0.0412,0.1053,0.1131
0.860001,0.5555,0.0,0.0,0.5555,0.5555,0.1153,-0.0041,0.0412,0.1153,0.1225
0.878001,0.0,0.0,0.0,0.0,0.0,0.1153,-0.0041,0.0412,0.1153,0.1225
0.895998,-0.5556,0.0,0.0,-0.5556,0.5556,0.1053,-0.0041,0.0412,0.1053,0.1131
0.913,0.0,0.0,0.0,0.0,0.0,0.1053,-0.0041,0.0412,0.1053,0.1131
0.931001,0.0,-0.5555,0.0,0.0,0.5555,0.1053,-0.0141,0.0412,0.1053,0.1139
0.948997,-0.5557,0.5557,0.0,-0.5557,0.7858,0.0953,-0.0041,0.0412,0.0953,0.1039
0.966001,0.5881,-0.5881,0.0,0.5881,0.8317,0.1053,-0.0141,0.0412,0.1053,0.1139
0.983,0.0,0.5883,0.0,0.0,0.5883,0.1053,-0.0041,0.0412,0.1053,0.1131
1.0,-0.5882,0.0,0.0,-0.5882,0.5882,0.0953,-0.0041,0.0412,0.0953,0.1039
1.018,0.0,-0.5556,0.0,0.0,0.5556,0.0953,-0.0141,0.0412,0.0953,0.1048
1.036002,0.0,0.0,0.0,0.0,0.0,0.0953,-0.0141,0.0412,0.0953,0.1048
1.054001,0.0,0.0,0.5556,0.0,0.5556,0.0953,-0.0141,0.0512,0.0953,0.1091
1.072,-0.5556,0.0,0.0,-0.5556,0.5556,0.0853,-0.0141,0.0512,0.0853,0.1005
1.090001,0.0,0.0,0.0,0.0,0.0,0.0853,-0.0141,0.0512,0.0853,0.1005
1.108001,0.5556,0.0,0.0,0.5556,0.5556,0.0953,-0.0141,0.0512,0.0953,0.1091
1.126001,0.0,0.0,0.0,0.0,0.0,0.0953,-0.0141,0.0512,0.0953,0.1091
1.144,0.0,0.0,0.0,0.0,0.0,0.0953,-0.0141,0.0512,0.0953,0.1091
1.161999,0.0,0.0,0.0,0.0,0.0,0.0953,-0.0141,0.0512,0.0953,0.1091
1.179001,0.0,0.0,0.0,0.0,0.0,0.0953,-0.0141,0.0512,0.0953,0.1091
1.197001,0.5556,0.5556,0.0,0.5556,0.7857,0.1053,-0.0041,0.0512,0.1053,0.1171
1.215001,-0.5556,0.0,0.0,-0.5556,0.5556,0.0953,-0.0041,0.0512,0.0953,0.1082
1.233001,0.5556,0.0,-0.5556,0.5556,0.7857,0.1053,-0.0041,0.0412,0.1053,0.1131
1.251001,0.0,0.0,0.0,0.0,0.0,0.1053,-0.0041,0.0412,0.1053,0.1131
1.269001,-0.5556,-0.5556,0.0,-0.5556,0.7857,0.0953,-0.0141,0.0412,0.0953,0.1048
1.287001,0.5556,0.0,0.0,0.5556,0.5556,0.1053,-0.0141,0.0412,0.1053,0.1139
1.305002,-0.5555,0.0,1.111,-0.5555,1.2422,0.0953,-0.0141,0.0612,0.0953,0.1141
1.323001,0.0,0.0,0.0,0.0,0.0,0.0953,-0.0141,0.0612,0.0953,0.1141
1.341001,0.0,0.0,0.0,0.0,0.0,0.0953,-0.0141,0.0612,0.0953,0.1141
1.359001,-0.5556,0.5556,-0.5556,-0.5556,0.9623,0.0853,-0.0041,0.0512,0.0853,0.0996
1.376,0.0,0.0,0.0,0.0,0.0,0.0853,-0.0041,0.0512,0.0853,0.0996
1.393,0.0,0.0,0.5882,0.0,0.5882,0.0853,-0.0041,0.0612,0.0853,0.105
1.411,0.0,0.0,0.0,0.0,0.0,0.0853,-0.0041,0.0612,0.0853,0.105
1.429,0.0,0.5556,0.0,0.0,0.5556,0.0853,0.0059,0.0612,0.0853,0.1051
1.447001,0.5555,0.0,0.0,0.5555,0.5555,0.0953,0.0059,0.0612,0.0953,0.1134
1.465001,0.0,-0.5556,0.0,0.0,0.5556,0.0953,-0.0041,0.0612,0.0953,0.1133
1.483001,0.0,0.0,0.0,0.0,0.0,0.0953,-0.0041,0.0612,0.0953,0.1133
1.501001,0.0,0.0,0.0,0.0,0.0,0.0953,-0.0041,0.0612,0.0953,0.1133
1.519,0.0,0.0,0.0,0.0,0.0,0.0953,-0.0041,0.0612,0.0953,0.1133
1.536997,0.0,0.0,0.5556,0.0,0.5556,0.0953,-0.0041,0.0712,0.0953,0.119
1.555001,0.0,0.0,-0.5554,0.0,0.5554,0.0953,-0.0041,0.0612,0.0953,0.1133
1.573,0.0,-0.0,0.0,0.0,0.0,0.0953,-0.0041,0.0612,0.0953,0.1133
1.591,0.0,0.0,0.5556,0.0,0.5556,0.0953,-0.0041,0.0712,0.0953,0.119
1.608998,0.0,-0.0,-0.5556,0.0,0.5556,0.0953,-0.0041,0.0612,0.0953,0.1133
1.627002,0.0,0.0,0.5554,0.0,0.5554,0.0953,-0.0041,0.0712,0.0953,0.119
1.644,0.5883,0.0,0.0,0.5883,0.5883,0.1053,-0.0041,0.0712,0.1053,0.1272
1.661001,0.5882,0.0,0.0,0.5882,0.5882,0.1153,-0.0041,0.0712,0.1153,0.1356
1.678997,0.0,0.0,0.0,0.0,0.0,0.1153,-0.0041,0.0712,0.1153,0.1356
1.696997,0.0,0.5556,0.0,0.0,0.5556,0.1153,0.0059,0.0712,0.1153,0.1356
1.715,0.0,-0.0,0.0,0.0,0.0,0.1153,0.0059,0.0712,0.1153,0.1356
1.732999,0.5556,0.0,0.0,0.5556,0.5556,0.1253,0.0059,0.0712,0.1253,0.1442
1.751001,0.0,0.0,0.0,0.0,0.0,0.1253,0.0059,0.0712,0.1253,0.1442
1.768998,0.0,0.0,0.0,0.0,0.0,0.1253,0.0059,0.0712,0.1253,0.1442
1.786,0.5882,-0.5882,0.0,0.5882,0.8318,0.1353,-0.0041,0.0712,0.1353,0.1529
1.803,0.5882,0.0,0.0,0.5882,0.5882,0.1453,-0.0041,0.0712,0.1453,0.1618
1.821001,0.0,0.5555,0.5555,0.0,0.7856,0.1453,0.0059,0.0812,0.1453,0.1665
1.839001,0.0,0.0,0.0,0.0,0.0,0.1453,0.0059,0.0812,0.1453,0.1665
1.857001,0.0,0.0,0.0,0.0,0.0,0.1453,0.0059,0.0812,0.1453,0.1665
1.874,0.5883,-1.1765,0.0,0.5883,1.3154,0.1553,-0.0141,0.0812,0.1553,0.1758
1.890999,-1.1765,0.0,0.0,-1.1765,1.1765,0.1353,-0.0141,0.0812,0.1353,0.1584
1.908002,0.5881,1.1763,0.0,0.5881,1.3151,0.1453,0.0059,0.0812,0.1453,0.1665
1.925998,-0.5557,-0.5557,0.0,-0.5557,0.7858,0.1353,-0.0041,0.0812,0.1353,0.1578
1.944001,0.5555,-0.5555,0.0,0.5555,0.7855,0.1453,-0.0141,0.0812,0.1453,0.167
1.962001,-0.5556,0.0,-0.5556,-0.5556,0.7857,0.1353,-0.0141,0.0712,0.1353,0.1535
1.980001,0.0,0.0,-0.5556,0.0,0.5556,0.1353,-0.0141,0.0612,0.1353,0.1492
1.998,0.0,0.0,0.0,0.0,0.0,0.1353,-0.0141,0.0612,0.1353,0.1492
2.015001,0.0,0.5882,0.5882,0.0,0.8318,0.1353,-0.0041,0.0712,0.1353,0.1529
2.032001,0.0,-0.5882,0.0,0.0,0.5882,0.1353,-0.0141,0.0712,0.1353,0.1535
2.049001,0.0,0.5882,0.0,0.0,0.5882,0.1353,-0.0041,0.0712,0.1353,0.1529
2.067001,0.0,0.0,0.0,0.0,0.0,0.1353,-0.0041,0.0712,0.1353,0.1529
2.085001,0.0,-0.5556,-0.5556,0.0,0.7857,0.1353,-0.0141,0.0612,0.1353,0.1492
2.102001,0.0,0.0,0.5882,0.0,0.5882,0.1353,-0.0141,0.0712,0.1353,0.1535
2.119,0.0,0.0,0.0,0.0,0.0,0.1353,-0.0141,0.0712,0.1353,0.1535
2.136001,-0.5882,0.0,0.0,-0.5882,0.5882,0.1253,-0.0141,0.0712,0.1253,0.1448
2.154001,0.5556,0.0,-0.5556,0.5556,0.7857,0.1353,-0.0141,0.0612,0.1353,0.1492
2.172001,0.0,0.0,0.0,0.0,0.0,0.1353,-0.0141,0.0612,0.1353,0.1492
2.190001,0.0,0.5556,0.0,0.0,0.5556,0.1353,-0.0041,0.0612,0.1353,0.1485
2.207997,-0.5557,-0.0,0.0,-0.5557,0.5557,0.1253,-0.0041,0.0612,0.1253,0.1395
2.226002,0.0,-0.5554,0.5554,0.0,0.7855,0.1253,-0.0141,0.0712,0.1253,0.1448
2.244001,0.5556,0.0,0.0,0.5556,0.5556,0.1353,-0.0141,0.0712,0.1353,0.1535
2.261001,0.0,-0.5882,-0.5882,0.0,0.8319,0.1353,-0.0241,0.0612,0.1353,0.1504
2.279001,0.0,0.0,0.0,0.0,0.0,0.1353,-0.0241,0.0612,0.1353,0.1504
2.297001,-0.5556,1.1111,0.0,-0.5556,1.2423,0.1253,-0.0041,0.0612,0.1253,0.1395
2.314001,0.5882,-0.5882,0.0,0.5882,0.8319,0.1353,-0.0141,0.0612,0.1353,0.1492
2.332001,0.0,0.0,0.0,0.0,0.0,0.1353,-0.0141,0.0612,0.1353,0.1492
2.349002,-0.5882,0.5882,0.5882,-0.5882,1.0188,0.1253,-0.0041,0.0712,0.1253,0.1442
2.366997,0.0,0.0,0.0,0.0,0.0,0.1253,-0.0041,0.0712,0.1253,0.1442
2.384998,0.0,-0.5555,0.0,0.0,0.5555,0.1253,-0.0141,0.0712,0.1253,0.1448
2.403,0.0,0.0,0.0,0.0,0.0,0.1253,-0.0141,0.0712,0.1253,0.1448
2.421,0.0,0.0,0.0,0.0,0.0,0.1253,-0.0141,0.0712,0.1253,0.1448
2.439,-0.5556,0.0,-0.5556,-0.5556,0.7857,0.1153,-0.0141,0.0612,0.1153,0.1313
2.456001,-0.5882,0.0,0.0,-0.5882,0.5882,0.1053,-0.0141,0.0612,0.1053,0.1226
2.474001,0.5556,0.5556,0.0,0.5556,0.7857,0.1153,-0.0041,0.0612,0.1153,0.1306
2.491998,0.0,0.0,0.0,0.0,0.0,0.1153,-0.0041,0.0612,0.1153,0.1306
2.509998,0.0,0.0,0.0,0.0,0.0,0.1153,-0.0041,0.0612,0.1153,0.1306
2.528001,0.0,0.0,0.5555,0.0,0.5555,0.1153,-0.0041,0.0712,0.1153,0.1356
2.545998,0.5556,0.0,0.0,0.5556,0.5556,0.1253,-0.0041,0.0712,0.1253,0.1442
2.563997,0.0,0.0,0.0,0.0,0.0,0.1253,-0.0041,0.0712,0.1253,0.1442
2.582001,0.0,0.0,-0.5554,0.0,0.5554,0.1253,-0.0041,0.0612,0.1253,0.1395
2.600001,0.5556,-0.5556,0.0,0.5556,0.7857,0.1353,-0.0141,0.0612,0.1353,0.1492
2.617998,0.0,-0.5556,0.0,0.0,0.5556,0.1353,-0.0241,0.0612,0.1353,0.1504
2.636001,0.0,0.5555,0.0,0.0,0.5555,0.1353,-0.0141,0.0612,0.1353,0.1492
2.654002,0.0,0.0,0.0,0.0,0.0,0.1353,-0.0141,0.0612,0.1353,0.1492
2.671001,0.0,0.5883,-0.5883,0.0,0.8319,0.1353,-0.0041,0.0512,0.1353,0.1447
2.689,0.0,-1.1112,0.0,0.0,1.1112,0.1353,-0.0241,0.0512,0.1353,0.1466
2.707,-0.5556,0.0,0.0,-0.5556,0.5556,0.1253,-0.0241,0.0512,0.1253,0.1375
2.724997,0.0,0.0,0.5556,0.0,0.5556,0.1253,-0.0241,0.0612,0.1253,0.1415
2.743001,-0.0,-0.5554,0.0,-0.0,0.5554,0.1253,-0.0341,0.0612,0.1253,0.1435
2.761001,-0.5556,0.0,0.0,-0.5556,0.5556,0.1153,-0.0341,0.0612,0.1153,0.1349
2.779,0.0,0.0,0.0,0.0,0.0,0.1153,-0.0341,0.0612,0.1153,0.1349
2.797001,0.0,0.0,0.0,0.0,0.0,0.1153,-0.0341,0.0612,0.1153,0.1349
2.814997,0.0,0.0,0.0,0.0,0.0,0.1153,-0.0341,0.0612,0.1153,0.1349
2.833001,0.0,-0.5554,0.0,0.0,0.5554,0.1153,-0.0441,0.0612,0.1153,0.1378
2.851001,0.0,0.0,0.0,0.0,0.0,0.1153,-0.0441,0.0612,0.1153,0.1378
2.869,0.0,0.5556,0.0,0.0,0.5556,0.1153,-0.0341,0.0612,0.1153,0.1349
2.887001,-0.5555,-0.5555,0.0,-0.5555,0.7856,0.1053,-0.0441,0.0612,0.1053,0.1295
2.903997,0.5884,0.5884,0.0,0.5884,0.8321,0.1153,-0.0341,0.0612,0.1153,0.1349
2.921,0.0,0.0,0.0,0.0,0.0,0.1153,-0.0341,0.0612,0.1153,0.1349
2.938001,-0.5882,-0.5882,0.0,-0.5882,0.8318,0.1053,-0.0441,0.0612,0.1053,0.1295
2.955001,0.5882,0.5882,0.0,0.5882,0.8319,0.1153,-0.0341,0.0612,0.1153,0.1349
2.973,-0.5556,-0.5556,0.0,-0.5556,0.7857,0.1053,-0.0441,0.0612,0.1053,0.1295
2.990998,0.5556,0.0,0.0,0.5556,0.5556,0.1153,-0.0441,0.0612,0.1153,0.1378
3.009,0.0,0.5555,0.5555,0.0,0.7856,0.1153,-0.0341,0.0712,0.1153,0.1397
3.026001,0.0,0.0,0.0,0.0,0.0,0.1153,-0.0341,0.0712,0.1153,0.1397
3.043001,0.5882,0.0,0.0,0.5882,0.5882,0.1253,-0.0341,0.0712,0.1253,0.1481
3.06,-0.5883,-0.5883,0.0,-0.5883,0.8319,0.1153,-0.0441,0.0712,0.1153,0.1425
3.076997,0.0,0.0,0.0,0.0,0.0,0.1153,-0.0441,0.0712,0.1153,0.1425
3.095,0.0,0.0,0.0,0.0,0.0,0.1153,-0.0441,0.0712,0.1153,0.1425
3.113001,-0.5555,0.5555,0.0,-0.5555,0.7856,0.1053,-0.0341,0.0712,0.1053,0.1316
3.131001,1.1111,-0.0,0.0,1.1111,1.1111,0.1253,-0.0341,0.0712,0.1253,0.1481
3.148,0.0,0.5883,0.0,0.0,0.5883,0.1253,-0.0241,0.0712,0.1253,0.1461
3.165001,0.0,0.5882,0.0,0.0,0.5882,0.1253,-0.0141,0.0712,0.1253,0.1448
3.182001,0.0,0.0,0.0,0.0,0.0,0.1253,-0.0141,0.0712,0.1253,0.1448
3.2,0.0,0.0,0.5556,0.0,0.5556,0.1253,-0.0141,0.0812,0.1253,0.15
3.218001,0.0,0.0,-1.111,0.0,1.111,0.1253,-0.0141,0.0612,0.1253,0.1401
3.236,-0.0,0.0,0.0,-0.0,0.0,0.1253,-0.0141,0.0612,0.1253,0.1401
3.254001,-0.5555,0.0,0.5555,-0.5555,0.7856,0.1153,-0.0141,0.0712,0.1153,0.1362
3.272001,0.5556,0.0,0.0,0.5556,0.5556,0.1253,-0.0141,0.0712,0.1253,0.1448
3.289001,0.0,-0.5882,0.0,0.0,0.5882,0.1253,-0.0241,0.0712,0.1253,0.1461
3.306001,-0.5882,1.1765,0.0,-0.5882,1.3153,0.1153,-0.0041,0.0712,0.1153,0.1356
3.322998,0.5883,0.0,0.0,0.5883,0.5883,0.1253,-0.0041,0.0712,0.1253,0.1442
3.341,0.0,0.0,0.0,0.0,0.0,0.1253,-0.0041,0.0712,0.1253,0.1442
3.358999,0.0,0.5556,0.0,0.0,0.5556,0.1253,0.0059,0.0712,0.1253,0.1442
3.377001,0.0,-0.0,0.5555,0.0,0.5555,0.1253,0.0059,0.0812,0.1253,0.1494
3.394,-0.5883,0.0,0.0,-0.5883,0.5883,0.1153,0.0059,0.0812,0.1153,0.1411
3.410997,1.1767,0.0,0.0,1.1767,1.1767,0.1353,0.0059,0.0812,0.1353,0.1579
3.429,-0.5555,0.0,0.0,-0.5555,0.5555,0.1253,0.0059,0.0812,0.1253,0.1494
3.447,0.0,-0.5556,0.0,0.0,0.5556,0.1253,-0.0041,0.0812,0.1253,0.1493
3.465001,0.0,0.5555,0.0,0.0,0.5555,0.1253,0.0059,0.0812,0.1253,0.1494
3.483001,0.0,-0.5556,-0.5556,0.0,0.7857,0.1253,-0.0041,0.0712,0.1253,0.1442
3.501001,0.0,0.0,0.0,0.0,0.0,0.1253,-0.0041,0.0712,0.1253,0.1442
3.518998,0.0,0.0,0.0,0.0,0.0,0.1253,-0.0041,0.0712,0.1253,0.1442
3.536001,0.0,0.0,0.0,0.0,0.0,0.1253,-0.0041,0.0712,0.1253,0.1442
3.554001,0.0,0.0,0.0,0.0,0.0,0.1253,-0.0041,0.0712,0.1253,0.1442
3.572,0.5556,0.0,0.0,0.5556,0.5556,0.1353,-0.0041,0.0712,0.1353,0.1529
3.589998,0.0,0.0,0.0,0.0,0.0,0.1353,-0.0041,0.0712,0.1353,0.1529
3.608002,-0.5554,0.5554,0.0,-0.5554,0.7855,0.1253,0.0059,0.0712,0.1253,0.1442
3.626,0.5556,-0.5556,0.0,0.5556,0.7858,0.1353,-0.0041,0.0712,0.1353,0.1529
3.643997,0.5556,-0.5556,0.0,0.5556,0.7858,0.1453,-0.0141,0.0712,0.1453,0.1624
3.662,0.0,0.5555,0.0,0.0,0.5555,0.1453,-0.0041,0.0712,0.1453,0.1618
3.68,-0.5556,-0.5556,0.0,-0.5556,0.7857,0.1353,-0.0141,0.0712,0.1353,0.1535
3.698001,-0.5555,0.0,0.5555,-0.5555,0.7856,0.1253,-0.0141,0.0812,0.1253,0.15
3.715001,0.0,0.0,-0.5882,0.0,0.5882,0.1253,-0.0141,0.0712,0.1253,0.1448
3.733001,0.0,0.0,0.5556,0.0,0.5556,0.1253,-0.0141,0.0812,0.1253,0.15
3.751,-0.5556,0.5556,0.0,-0.5556,0.7857,0.1153,-0.0041,0.0812,0.1153,0.1411
3.768,0.0,-0.5882,0.0,0.0,0.5882,0.1153,-0.0141,0.0812,0.1153,0.1417
3.786,0.0,-0.5556,0.0,0.0,0.5556,0.1153,-0.0241,0.0812,0.1153,0.1431
3.804,-0.5556,0.5556,0.0,-0.5556,0.7857,0.1053,-0.0141,0.0812,0.1053,0.1337
3.822001,0.0,0.5555,0.0,0.0,0.5555,0.1053,-0.0041,0.0812,0.1053,0.133
3.840001,0.5556,-0.5556,0.0,0.5556,0.7857,0.1153,-0.0141,0.0812,0.1153,0.1417
3.858001,-0.5556,0.0,0.5556,-0.5556,0.7857,0.1053,-0.0141,0.0912,0.1053,0.14
3.875999,0.5556,0.0,0.0,0.5556,0.5556,0.1153,-0.0141,0.0912,0.1153,0.1477
3.894001,-0.5555,0.0,0.0,-0.5555,0.5555,0.1053,-0.0141,0.0912,0.1053,0.14
3.911,0.5883,-0.5883,0.0,0.5883,0.8319,0.1153,-0.0241,0.0912,0.1153,0.149
3.929001,0.0,0.0,0.0,0.0,0.0,0.1153,-0.0241,0.0912,0.1153,0.149
3.947001,0.0,0.0,0.0,0.0,0.0,0.1153,-0.0241,0.0912,0.1153,0.149
3.965001,0.0,-0.5556,0.0,0.0,0.5556,0.1153,-0.0341,0.0912,0.1153,0.1509
3.983001,-0.5556,0.0,0.0,-0.5556,0.5556,0.1053,-0.0341,0.0912,0.1053,0.1434
4.000998,0.0,0.0,0.0,0.0,0.0,0.1053,-0.0341,0.0912,0.1053,0.1434
4.019,0.0,-0.5555,0.0,0.0,0.5555,0.1053,-0.0441,0.0912,0.1053,0.1461
4.036997,0.0,0.0,-0.5556,0.0,0.5556,0.1053,-0.0441,0.0812,0.1053,0.1401
4.055001,0.0,0.0,0.5554,0.0,0.5554,0.1053,-0.0441,0.0912,0.1053,0.1461
4.073001,0.0,0.0,0.0,0.0,0.0,0.1053,-0.0441,0.0912,0.1053,0.1461
4.091,0.0,0.5556,0.0,0.0,0.5556,0.1053,-0.0341,0.0912,0.1053,0.1434
4.109,0.0,-0.5556,0.0,0.0,0.5556,0.1053,-0.0441,0.0912,0.1053,0.1461
4.126001,0.0,0.0,0.0,0.0,0.0,0.1053,-0.0441,0.0912,0.1053,0.1461
4.143,0.0,-0.5883,0.0,0.0,0.5883,0.1053,-0.0541,0.0912,0.1053,0.1494
4.160001,0.5882,0.0,0.0,0.5882,0.5882,0.1153,-0.0541,0.0912,0.1153,0.1566
4.176999,0.0,-0.5883,0.0,0.0,0.5883,0.1153,-0.0641,0.0912,0.1153,0.1604
4.195001,0.0,0.0,0.5555,0.0,0.5555,0.1153,-0.0641,0.1012,0.1153,0.1663
4.213,0.0,0.5556,0.0,0.0,0.5556,0.1153,-0.0541,0.1012,0.1153,0.1627
4.231001,1.111,0.0,0.0,1.111,1.111,0.1353,-0.0541,0.1012,0.1353,0.1774
4.249001,-0.5556,0.5556,0.0,-0.5556,0.7857,0.1253,-0.0441,0.1012,0.1253,0.167
4.266998,0.0,0.5556,0.0,0.0,0.5556,0.1253,-0.0341,0.1012,0.1253,0.1646
4.284001,-0.5881,0.0,0.0,-0.5881,0.5881,0.1153,-0.0341,0.1012,0.1153,0.1571
4.301001,0.5882,1.1765,0.0,0.5882,1.3153,0.1253,-0.0141,0.1012,0.1253,0.1617
4.319001,-0.5556,-0.5556,0.0,-0.5556,0.7857,0.1153,-0.0241,0.1012,0.1153,0.1553
4.337001,0.5556,0.0,0.0,0.5556,0.5556,0.1253,-0.0241,0.1012,0.1253,0.1628
4.355,0.0,0.0,0.0,0.0,0.0,0.1253,-0.0241,0.1012,0.1253,0.1628
4.372,0.0,-0.5882,0.0,0.0,0.5882,0.1253,-0.0341,0.1012,0.1253,0.1646
4.389,0.0,0.0,0.0,0.0,0.0,0.1253,-0.0341,0.1012,0.1253,0.1646
4.406001,0.5882,0.0,0.0,0.5882,0.5882,0.1353,-0.0341,0.1012,0.1353,0.1724
4.423001,0.0,0.5882,0.5882,0.0,0.8319,0.1353,-0.0241,0.1112,0.1353,0.1768
4.441001,-0.5556,-1.1111,0.0,-0.5556,1.2423,0.1253,-0.0441,0.1112,0.1253,0.1732
4.458998,0.0,0.0,-0.5556,0.0,0.5556,0.1253,-0.0441,0.1012,0.1253,0.167
4.476998,0.0,0.0,0.5556,0.0,0.5556,0.1253,-0.0441,0.1112,0.1253,0.1732
4.495001,0.0,0.0,0.0,0.0,0.0,0.1253,-0.0441,0.1112,0.1253,0.1732
4.512001,0.0,0.0,0.0,0.0,0.0,0.1253,-0.0441,0.1112,0.1253,0.1732
4.528997,0.0,0.0,0.0,0.0,0.0,0.1253,-0.0441,0.1112,0.1253,0.1732
4.546,0.0,-0.5881,0.0,0.0,0.5881,0.1253,-0.0541,0.1112,0.1253,0.176
4.564,0.5556,-0.5556,0.0,0.5556,0.7857,0.1353,-0.0641,0.1112,0.1353,0.1865
4.582,-0.5556,0.5556,0.5556,-0.5556,0.9623,0.1253,-0.0541,0.1212,0.1253,0.1825
4.599,0.0,0.5882,-0.5882,0.0,0.8319,0.1253,-0.0441,0.1112,0.1253,0.1732
4.616001,0.0,0.5882,0.5882,0.0,0.8318,0.1253,-0.0341,0.1212,0.1253,0.1776
4.633001,0.0,-0.5882,0.0,0.0,0.5882,0.1253,-0.0441,0.1212,0.1253,0.1798
4.650002,-0.5882,0.0,0.0,-0.5882,0.5882,0.1153,-0.0441,0.1212,0.1153,0.173
4.668001,0.5556,0.0,0.0,0.5556,0.5556,0.1253,-0.0441,0.1212,0.1253,0.1798
4.686001,0.0,0.0,0.0,0.0,0.0,0.1253,-0.0441,0.1212,0.1253,0.1798
4.703998,0.0,0.5556,0.0,0.0,0.5556,0.1253,-0.0341,0.1212,0.1253,0.1776
4.722001,0.0,0.0,0.0,0.0,0.0,0.1253,-0.0341,0.1212,0.1253,0.1776
4.739,0.5883,-0.5883,0.0,0.5883,0.8319,0.1353,-0.0441,0.1212,0.1353,0.1869
4.756998,0.0,1.1112,-0.5556,0.0,1.2424,0.1353,-0.0241,0.1112,0.1353,0.1768
4.775,0.0,-1.111,0.0,0.0,1.111,0.1353,-0.0441,0.1112,0.1353,0.1806
4.792997,0.0,0.5556,0.5556,0.0,0.7858,0.1353,-0.0341,0.1212,0.1353,0.1848
4.811001,0.0,0.5554,-0.5554,0.0,0.7855,0.1353,-0.0241,0.1112,0.1353,0.1768
4.828001,-0.5882,0.0,0.0,-0.5882,0.5882,0.1253,-0.0241,0.1112,0.1253,0.1692
4.845001,0.5882,0.0,0.5882,0.5882,0.8319,0.1353,-0.0241,0.1212,0.1353,0.1832
4.862997,0.0,0.0,0.5557,0.0,0.5557,0.1353,-0.0241,0.1312,0.1353,0.19
4.881001,0.0,0.0,0.0,0.0,0.0,0.1353,-0.0241,0.1312,0.1353,0.19
4.899001,0.0,0.0,-0.5556,0.0,0.5556,0.1353,-0.0241,0.1212,0.1353,0.1832
4.917001,0.0,0.5556,0.5556,0.0,0.7857,0.1353,-0.0141,0.1312,0.1353,0.189
4.935001,0.0,-1.1111,0.0,0.0,1.1111,0.1353,-0.0341,0.1312,0.1353,0.1915
4.953001,0.0,0.5556,0.0,0.0,0.5556,0.1353,-0.0241,0.1312,0.1353,0.19
4.970001,0.0,0.0,0.0,0.0,0.0,0.1353,-0.0241,0.1312,0.1353,0.19
4.988001,0.0,0.0,0.0,0.0,0.0,0.1353,-0.0241,0.1312,0.1353,0.19
5.005998,0.5556,0.0,0.0,0.5556,0.5556,0.1453,-0.0241,0.1312,0.1453,0.1972
5.023998,0.0,0.0,0.0,0.0,0.0,0.1453,-0.0241,0.1312,0.1453,0.1972
5.042001,-0.0,0.0,0.0,-0.0,0.0,0.1453,-0.0241,0.1312,0.1453,0.1972
5.060001,0.0,0.0,0.0,0.0,0.0,0.1453,-0.0241,0.1312,0.1453,0.1972
5.078001,-0.5556,-0.5556,0.0,-0.5556,0.7857,0.1353,-0.0341,0.1312,0.1353,0.1915
5.096,0.5556,0.0,0.0,0.5556,0.5556,0.1453,-0.0341,0.1312,0.1453,0.1987
5.114001,0.5555,0.0,0.0,0.5555,0.5555,0.1553,-0.0341,0.1312,0.1553,0.2061
5.132001,-1.1111,0.0,0.0,-1.1111,1.1111,0.1353,-0.0341,0.1312,0.1353,0.1915
5.150001,0.0,0.5556,0.0,0.0,0.5556,0.1353,-0.0241,0.1312,0.1353,0.19
5.166998,0.5883,0.5883,0.5883,0.5883,1.019,0.1453,-0.0141,0.1412,0.1453,0.2031
5.185,0.0,0.0,0.0,0.0,0.0,0.1453,-0.0141,0.1412,0.1453,0.2031
5.203001,0.0,0.0,0.0,0.0,0.0,0.1453,-0.0141,0.1412,0.1453,0.2031
5.221001,0.0,-0.5556,0.0,0.0,0.5556,0.1453,-0.0241,0.1412,0.1453,0.204
5.239001,0.0,-0.5556,0.0,0.0,0.5556,0.1453,-0.0341,0.1412,0.1453,0.2054
5.257001,0.0,0.5556,0.0,0.0,0.5556,0.1453,-0.0241,0.1412,0.1453,0.204
5.275001,-0.5556,0.0,0.0,-0.5556,0.5556,0.1353,-0.0241,0.1412,0.1353,0.197
5.293005,-0.5554,0.0,0.0,-0.5554,0.5554,0.1253,-0.0241,0.1412,0.1253,0.1903
5.311001,0.0,-0.5557,0.0,0.0,0.5557,0.1253,-0.0341,0.1412,0.1253,0.1918
5.328998,0.0,0.5556,0.0,0.0,0.5556,0.1253,-0.0241,0.1412,0.1253,0.1903
5.347001,0.0,0.0,0.0,0.0,0.0,0.1253,-0.0241,0.1412,0.1253,0.1903
5.364997,0.0,0.0,0.0,0.0,0.0,0.1253,-0.0241,0.1412,0.1253,0.1903
5.383001,0.5554,0.0,0.5554,0.5554,0.7855,0.1353,-0.0241,0.1512,0.1353,0.2043
5.400001,0.0,0.5882,0.0,0.0,0.5882,0.1353,-0.0141,0.1512,0.1353,0.2034
5.417001,0.5882,0.0,0.0,0.5882,0.5882,0.1453,-0.0141,0.1512,0.1453,0.2102
5.434001,0.0,0.5882,0.0,0.0,0.5882,0.1453,-0.0041,0.1512,0.1453,0.2097
5.452002,-0.5555,-0.5555,0.0,-0.5555,0.7856,0.1353,-0.0141,0.1512,0.1353,0.2034
5.470001,0.0,0.0,0.0,0.0,0.0,0.1353,-0.0141,0.1512,0.1353,0.2034
5.488001,0.0,-0.5556,0.5556,0.0,0.7857,0.1353,-0.0241,0.1612,0.1353,0.2118
5.505997,0.0,0.5557,0.0,0.0,0.5557,0.1353,-0.0141,0.1612,0.1353,0.2109
5.524001,-0.5554,0.0,-0.5554,-0.5554,0.7855,0.1253,-0.0141,0.1512,0.1253,0.1969
5.541001,0.5882,0.0,0.5882,0.5882,0.8319,0.1353,-0.0141,0.1612,0.1353,0.2109
5.558001,-0.5882,0.5882,-0.5882,-0.5882,1.0189,0.1253,-0.0041,0.1512,0.1253,0.1964
5.576,0.5556,0.0,0.0,0.5556,0.5556,0.1353,-0.0041,0.1512,0.1353,0.2029
5.594001,0.5555,0.0,0.0,0.5555,0.5555,0.1453,-0.0041,0.1512,0.1453,0.2097
5.612,-0.5556,0.0,0.0,-0.5556,0.5556,0.1353,-0.0041,0.1512,0.1353,0.2029
5.629001,0.5882,0.0,0.0,0.5882,0.5882,0.1453,-0.0041,0.1512,0.1453,0.2097
5.646,0.0,0.0,0.5883,0.0,0.5883,0.1453,-0.0041,0.1612,0.1453,0.217
5.664,0.0,0.0,0.0,0.0,0.0,0.1453,-0.0041,0.1612,0.1453,0.217
5.682001,-1.111,-0.5555,0.5555,-1.111,1.3608,0.1253,-0.0141,0.1712,0.1253,0.2126
5.699997,0.0,0.5557,0.0,0.0,0.5557,0.1253,-0.0041,0.1712,0.1253,0.2122
5.718001,0.0,-0.5554,0.0,0.0,0.5554,0.1253,-0.0141,0.1712,0.1253,0.2126
5.735997,0.0,0.5557,-0.5557,0.0,0.7858,0.1253,-0.0041,0.1612,0.1253,0.2042
5.752998,0.5882,0.0,0.5882,0.5882,0.8318,0.1353,-0.0041,0.1712,0.1353,0.2182
5.77,0.0,0.0,0.5882,0.0,0.5882,0.1353,-0.0041,0.1812,0.1353,0.2262
5.787001,0.5882,-0.5882,0.0,0.5882,0.8318,0.1453,-0.0141,0.1812,0.1453,0.2327
5.805001,0.0,0.0,-0.5556,0.0,0.5556,0.1453,-0.0141,0.1712,0.1453,0.225
5.823001,-0.5556,0.0,0.5556,-0.5556,0.7857,0.1353,-0.0141,0.1812,0.1353,0.2266
5.841001,-0.0,0.0,0.0,-0.0,0.0,0.1353,-0.0141,0.1812,0.1353,0.2266
5.858001,0.0,0.0,0.0,0.0,0.0,0.1353,-0.0141,0.1812,0.1353,0.2266
5.875001,0.0,0.5882,0.0,0.0,0.5882,0.1353,-0.0041,0.1812,0.1353,0.2262
5.892,0.0,0.0,-0.5883,0.0,0.5883,0.1353,-0.0041,0.1712,0.1353,0.2182
5.909,0.0,0.0,0.5882,0.0,0.5882,0.1353,-0.0041,0.1812,0.1353,0.2262
5.927001,0.0,0.0,0.0,0.0,0.0,0.1353,-0.0041,0.1812,0.1353,0.2262
5.945001,0.0,0.0,0.0,0.0,0.0,0.1353,-0.0041,0.1812,0.1353,0.2262
5.962001,0.5882,-1.1765,0.0,0.5882,1.3153,0.1453,-0.0241,0.1812,0.1453,0.2335
5.980001,-0.5556,0.5556,0.0,-0.5556,0.7857,0.1353,-0.0141,0.1812,0.1353,0.2266
5.997001,0.0,0.0,0.0,0.0,0.0,0.1353,-0.0141,0.1812,0.1353,0.2266
6.014998,0.0,-0.5556,0.0,0.0,0.5556,0.1353,-0.0241,0.1812,0.1353,0.2274
6.033,0.0,0.0,0.0,0.0,0.0,0.1353,-0.0241,0.1812,0.1353,0.2274
6.050998,-0.5556,-0.5556,0.0,-0.5556,0.7858,0.1253,-0.0341,0.1812,0.1253,0.2229
6.068998,0.0,0.5556,0.0,0.0,0.5556,0.1253,-0.0241,0.1812,0.1253,0.2216
6.087001,0.0,-1.1109,0.0,0.0,1.1109,0.1253,-0.0441,0.1812,0.1253,0.2247
6.105001,0.0,0.0,0.0,0.0,0.0,0.1253,-0.0441,0.1812,0.1253,0.2247
6.123001,-0.5556,0.0,0.0,-0.5556,0.5556,0.1153,-0.0441,0.1812,0.1153,0.2192
6.141001,0.0,0.0,0.5556,0.0,0.5556,0.1153,-0.0441,0.1912,0.1153,0.2276
6.159001,0.0,0.5556,0.0,0.0,0.5556,0.1153,-0.0341,0.1912,0.1153,0.2258
6.176001,0.5882,0.0,0.0,0.5882,0.5882,0.1253,-0.0341,0.1912,0.1253,0.2311
6.193998,0.0,-0.5556,0.0,0.0,0.5556,0.1253,-0.0441,0.1912,0.1253,0.2328
6.212001,0.0,0.0,0.0,0.0,0.0,0.1253,-0.0441,0.1912,0.1253,0.2328
6.230001,-0.0,0.0,0.0,-0.0,0.0,0.1253,-0.0441,0.1912,0.1253,0.2328
6.248001,0.0,0.0,0.5556,0.0,0.5556,0.1253,-0.0441,0.2012,0.1253,0.2411
6.266002,0.5555,0.5555,-0.5555,0.5555,0.9622,0.1353,-0.0341,0.1912,0.1353,0.2367
6.284001,-1.1112,-0.5556,0.5556,-1.1112,1.3609,0.1153,-0.0441,0.2012,0.1153,0.236
6.302,0.0,0.5556,-0.5556,0.0,0.7857,0.1153,-0.0341,0.1912,0.1153,0.2258
6.320001,0.5555,-0.5555,-0.5555,0.5555,0.9622,0.1253,-0.0441,0.1812,0.1253,0.2247
6.337998,0.0,0.0,0.0,0.0,0.0,0.1253,-0.0441,0.1812,0.1253,0.2247
6.355997,0.0,0.5556,0.5556,0.0,0.7857,0.1253,-0.0341,0.1912,0.1253,0.2311
6.373998,-0.5555,-0.5555,0.0,-0.5555,0.7856,0.1153,-0.0441,0.1912,0.1153,0.2276
6.392001,0.5555,0.0,0.0,0.5555,0.5555,0.1253,-0.0441,0.1912,0.1253,0.2328
6.410001,-0.5556,1.1111,0.0,-0.5556,1.2423,0.1153,-0.0241,0.1912,0.1153,0.2246
6.428,0.0,0.0,0.0,0.0,0.0,0.1153,-0.0241,0.1912,0.1153,0.2246
6.446,0.5556,-0.5556,0.0,0.5556,0.7857,0.1253,-0.0341,0.1912,0.1253,0.2311
6.464007,0.0,0.5553,0.0,0.0,0.5553,0.1253,-0.0241,0.1912,0.1253,0.2298
6.481999,0.0,0.0,0.0,0.0,0.0,0.1253,-0.0241,0.1912,0.1253,0.2298
6.5,0.5555,0.0,0.0,0.5555,0.5555,0.1353,-0.0241,0.1912,0.1353,0.2354
6.518,0.0,0.0,0.0,0.0,0.0,0.1353,-0.0241,0.1912,0.1353,0.2354
6.536001,0.0,0.0,0.0,0.0,0.0,0.1353,-0.0241,0.1912,0.1353,0.2354
6.553999,0.0,0.0,0.0,0.0,0.0,0.1353,-0.0241,0.1912,0.1353,0.2354
6.570999,0.0,-0.0,0.0,0.0,0.0,0.1353,-0.0241,0.1912,0.1353,0.2354
6.588,0.0,0.0,0.0,0.0,0.0,0.1353,-0.0241,0.1912,0.1353,0.2354
6.605001,0.0,0.5882,0.0,0.0,0.5882,0.1353,-0.0141,0.1912,0.1353,0.2346
6.623001,0.0,0.0,0.0,0.0,0.0,0.1353,-0.0141,0.1912,0.1353,0.2346
6.641001,0.0,0.0,0.0,0.0,0.0,0.1353,-0.0141,0.1912,0.1353,0.2346
6.659001,0.0,0.0,0.0,0.0,0.0,0.1353,-0.0141,0.1912,0.1353,0.2346
6.677,0.0,0.0,0.0,0.0,0.0,0.1353,-0.0141,0.1912,0.1353,0.2346
6.694001,0.5882,0.5882,0.5882,0.5882,1.0188,0.1453,-0.0041,0.2012,0.1453,0.2482
6.711001,0.0,-0.5882,-0.5882,0.0,0.8319,0.1453,-0.0141,0.1912,0.1453,0.2405
6.728001,0.0,0.0,0.0,0.0,0.0,0.1453,-0.0141,0.1912,0.1453,0.2405
6.746,0.0,0.5556,0.5556,0.0,0.7857,0.1453,-0.0041,0.2012,0.1453,0.2482
6.763999,0.0,-0.5556,0.0,0.0,0.5556,0.1453,-0.0141,0.2012,0.1453,0.2486
6.781002,0.5881,0.5881,0.0,0.5881,0.8317,0.1553,-0.0041,0.2012,0.1553,0.2542
6.798001,0.0,0.0,0.0,0.0,0.0,0.1553,-0.0041,0.2012,0.1553,0.2542
6.815001,-0.5882,0.0,0.0,-0.5882,0.5882,0.1453,-0.0041,0.2012,0.1453,0.2482
6.832,0.0,0.0,0.0,0.0,0.0,0.1453,-0.0041,0.2012,0.1453,0.2482
6.850001,0.0,0.0,0.0,0.0,0.0,0.1453,-0.0041,0.2012,0.1453,0.2482
6.867997,0.0,0.0,0.0,0.0,0.0,0.1453,-0.0041,0.2012,0.1453,0.2482
6.886,0.5555,-0.5555,0.0,0.5555,0.7855,0.1553,-0.0141,0.2012,0.1553,0.2545
6.904001,0.0,0.0,0.0,0.0,0.0,0.1553,-0.0141,0.2012,0.1553,0.2545
6.921001,0.0,0.0,0.5882,0.0,0.5882,0.1553,-0.0141,0.2112,0.1553,0.2625
6.937998,0.0,0.0,0.0,0.0,0.0,0.1553,-0.0141,0.2112,0.1553,0.2625
6.955001,0.0,0.5881,0.0,0.0,0.5881,0.1553,-0.0041,0.2112,0.1553,0.2622
6.972001,0.5882,-0.5882,0.0,0.5882,0.8319,0.1653,-0.0141,0.2112,0.1653,0.2685
6.990001,0.5556,0.0,0.5556,0.5556,0.7857,0.1753,-0.0141,0.2212,0.1753,0.2826
7.007999,-0.5556,-0.5556,0.0,-0.5556,0.7858,0.1653,-0.0241,0.2212,0.1653,0.2772
7.025,0.0,0.0,0.0,0.0,0.0,0.1653,-0.0241,0.2212,0.1653,0.2772
7.041997,0.0,0.5883,0.0,0.0,0.5883,0.1653,-0.0141,0.2212,0.1653,0.2765
7.059001,0.0,-0.5881,0.0,0.0,0.5881,0.1653,-0.0241,0.2212,0.1653,0.2772
7.077,0.0,0.5556,0.0,0.0,0.5556,0.1653,-0.0141,0.2212,0.1653,0.2765
7.094997,-0.5556,0.0,0.0,-0.5556,0.5556,0.1553,-0.0141,0.2212,0.1553,0.2706
7.112997,0.0,-0.5556,0.0,0.0,0.5556,0.1553,-0.0241,0.2212,0.1553,0.2713
7.131001,0.0,0.0,0.0,0.0,0.0,0.1553,-0.0241,0.2212,0.1553,0.2713
7.148001,-0.5882,0.0,0.0,-0.5882,0.5882,0.1453,-0.0241,0.2212,0.1453,0.2657
7.165998,0.5556,0.0,0.0,0.5556,0.5556,0.1553,-0.0241,0.2212,0.1553,0.2713
7.183,0.0,-0.5882,0.0,0.0,0.5882,0.1553,-0.0341,0.2212,0.1553,0.2724
7.199998,-0.5883,0.0,0.0,-0.5883,0.5883,0.1453,-0.0341,0.2212,0.1453,0.2668
7.218001,0.0,0.0,0.0,0.0,0.0,0.1453,-0.0341,0.2212,0.1453,0.2668
7.235998,-0.5556,0.0,0.0,-0.5556,0.5556,0.1353,-0.0341,0.2212,0.1353,0.2615
7.254,0.5555,0.0,0.0,0.5555,0.5555,0.1453,-0.0341,0.2212,0.1453,0.2668
7.272001,0.0,0.0,0.5555,0.0,0.5555,0.1453,-0.0341,0.2312,0.1453,0.2752
7.290001,0.0,0.5556,0.0,0.0,0.5556,0.1453,-0.0241,0.2312,0.1453,0.2741
7.308,0.0,0.0,0.0,0.0,0.0,0.1453,-0.0241,0.2312,0.1453,0.2741
7.326001,-0.5555,0.0,0.0,-0.5555,0.5555,0.1353,-0.0241,0.2312,0.1353,0.2689
7.344001,0.5556,0.5556,0.0,0.5556,0.7857,0.1453,-0.0141,0.2312,0.1453,0.2734
7.362,-0.5556,0.0,0.0,-0.5556,0.5556,0.1353,-0.0141,0.2312,0.1353,0.2682
7.380001,0.5555,-0.5555,0.0,0.5555,0.7856,0.1453,-0.0241,0.2312,0.1453,0.2741
7.398,-0.5556,0.0,0.0,-0.5556,0.5556,0.1353,-0.0241,0.2312,0.1353,0.2689
7.416001,0.0,0.5555,0.0,0.0,0.5555,0.1353,-0.0141,0.2312,0.1353,0.2682
7.434001,0.0,0.0,0.0,0.0,0.0,0.1353,-0.0141,0.2312,0.1353,0.2682
7.452001,0.0,0.0,0.0,0.0,0.0,0.1353,-0.0141,0.2312,0.1353,0.2682
7.47,0.0,0.0,0.0,0.0,0.0,0.1353,-0.0141,0.2312,0.1353,0.2682
7.488,-0.0,0.0,0.0,-0.0,0.0,0.1353,-0.0141,0.2312,0.1353,0.2682
7.506,0.5556,-0.5556,0.5556,0.5556,0.9623,0.1453,-0.0241,0.2412,0.1453,0.2826
7.523999,0.0,0.0,-0.5556,0.0,0.5556,0.1453,-0.0241,0.2312,0.1453,0.2741
7.542001,-0.5555,0.0,0.0,-0.5555,0.5555,0.1353,-0.0241,0.2312,0.1353,0.2689
7.560001,-0.5556,0.0,0.5556,-0.5556,0.7857,0.1253,-0.0241,0.2412,0.1253,0.2728
7.577001,0.5882,0.0,0.0,0.5882,0.5882,0.1353,-0.0241,0.2412,0.1353,0.2776
7.595,0.0,0.5556,0.5556,0.0,0.7857,0.1353,-0.0141,0.2512,0.1353,0.2856
7.613001,-0.5555,0.0,0.0,-0.5555,0.5555,0.1253,-0.0141,0.2512,0.1253,0.281
7.631001,0.0,0.0,0.0,0.0,0.0,0.1253,-0.0141,0.2512,0.1253,0.281
7.649,0.5556,0.0,0.0,0.5556,0.5556,0.1353,-0.0141,0.2512,0.1353,0.2856
7.667001,-0.5555,-0.5555,0.0,-0.5555,0.7856,0.1253,-0.0241,0.2512,0.1253,0.2817
7.685001,0.0,0.5556,0.5556,0.0,0.7857,0.1253,-0.0141,0.2612,0.1253,0.29
7.703001,0.0,0.0,-0.5556,0.0,0.5556,0.1253,-0.0141,0.2512,0.1253,0.281
7.720999,0.5556,0.0,0.0,0.5556,0.5556,0.1353,-0.0141,0.2512,0.1353,0.2856
7.739,0.0,-0.5555,0.5555,0.0,0.7856,0.1353,-0.0241,0.2612,0.1353,0.2951
7.757,0.5556,-0.5556,0.0,0.5556,0.7857,0.1453,-0.0341,0.2612,0.1453,0.3008
7.775001,-1.111,0.5555,0.0,-1.111,1.2422,0.1253,-0.0241,0.2612,0.1253,0.2907
7.793002,0.0,0.0,0.0,0.0,0.0,0.1253,-0.0241,0.2612,0.1253,0.2907
7.810001,0.0,0.0,-0.5883,0.0,0.5883,0.1253,-0.0241,0.2512,0.1253,0.2817
7.827,0.0,0.0,0.0,0.0,0.0,0.1253,-0.0241,0.2512,0.1253,0.2817
7.844001,0.0,1.1764,0.0,0.0,1.1764,0.1253,-0.0041,0.2512,0.1253,0.2807
7.862001,0.0,0.0,0.5556,0.0,0.5556,0.1253,-0.0041,0.2612,0.1253,0.2897
7.880001,0.0,0.0,-0.5556,0.0,0.5556,0.1253,-0.0041,0.2512,0.1253,0.2807
7.898001,-0.5556,0.0,0.5556,-0.5556,0.7857,0.1153,-0.0041,0.2612,0.1153,0.2855
7.916,0.0,0.0,-0.5556,0.0,0.5556,0.1153,-0.0041,0.2512,0.1153,0.2764
7.933,0.0,-0.5882,0.5882,0.0,0.8319,0.1153,-0.0141,0.2612,0.1153,0.2858
7.950001,-0.5882,0.5882,0.0,-0.5882,0.8318,0.1053,-0.0041,0.2612,0.1053,0.2816
7.967001,0.5882,0.5882,0.0,0.5882,0.8319,0.1153,0.0059,0.2612,0.1153,0.2856
7.984998,-0.5556,0.0,0.0,-0.5556,0.5556,0.1053,0.0059,0.2612,0.1053,0.2817
8.003,0.5555,-0.5555,0.0,0.5555,0.7856,0.1153,-0.0041,0.2612,0.1153,0.2855
8.020999,0.0,0.0,0.0,0.0,0.0,0.1153,-0.0041,0.2612,0.1153,0.2855
8.038001,0.5882,0.0,0.0,0.5882,0.5882,0.1253,-0.0041,0.2612,0.1253,0.2897
8.054997,-0.5884,0.5884,0.0,-0.5884,0.8321,0.1153,0.0059,0.2612,0.1153,0.2856
8.072001,0.0,0.0,0.0,0.0,0.0,0.1153,0.0059,0.2612,0.1153,0.2856
8.088997,0.0,0.0,0.0,0.0,0.0,0.1153,0.0059,0.2612,0.1153,0.2856
8.107,0.0,0.5555,0.5555,0.0,0.7855,0.1153,0.0159,0.2712,0.1153,0.2951
8.125,0.5556,-0.5556,0.0,0.5556,0.7857,0.1253,0.0059,0.2712,0.1253,0.2988
8.143001,0.0,0.0,0.0,0.0,0.0,0.1253,0.0059,0.2712,0.1253,0.2988
8.161001,0.0,0.0,0.0,0.0,0.0,0.1253,0.0059,0.2712,0.1253,0.2988
8.178,-0.5883,0.0,0.0,-0.5883,0.5883,0.1153,0.0059,0.2712,0.1153,0.2947
8.195,0.0,0.0,0.0,0.0,0.0,0.1153,0.0059,0.2712,0.1153,0.2947
8.211997,0.0,0.0,0.0,0.0,0.0,0.1153,0.0059,0.2712,0.1153,0.2947
8.230001,1.1109,0.0,0.0,1.1109,1.1109,0.1353,0.0059,0.2712,0.1353,0.3031
8.248002,-0.5555,0.0,0.5555,-0.5555,0.7856,0.1253,0.0059,0.2812,0.1253,0.3079
8.265001,0.0,0.0,0.0,0.0,0.0,0.1253,0.0059,0.2812,0.1253,0.3079
8.282001,0.5882,0.0,0.0,0.5882,0.5882,0.1353,0.0059,0.2812,0.1353,0.3121
8.299,-0.5883,0.0,0.0,-0.5883,0.5883,0.1253,0.0059,0.2812,0.1253,0.3079
8.316001,0.0,-0.5882,-0.5882,0.0,0.8318,0.1253,-0.0041,0.2712,0.1253,0.2988
8.333998,0.0,0.5556,0.0,0.0,0.5556,0.1253,0.0059,0.2712,0.1253,0.2988
8.352,0.0,-0.5555,0.5555,0.0,0.7856,0.1253,-0.0041,0.2812,0.1253,0.3079
8.369997,-0.5556,0.5556,0.0,-0.5556,0.7858,0.1153,0.0059,0.2812,0.1153,0.304
8.387998,0.0,-0.5555,0.0,0.0,0.5555,0.1153,-0.0041,0.2812,0.1153,0.3039
8.406001,0.0,0.0,0.0,0.0,0.0,0.1153,-0.0041,0.2812,0.1153,0.3039
8.423001,0.5882,-0.5882,0.0,0.5882,0.8319,0.1253,-0.0141,0.2812,0.1253,0.3082
8.440999,0.0,0.5556,0.0,0.0,0.5556,0.1253,-0.0041,0.2812,0.1253,0.3079
8.459001,-0.5555,-0.5555,0.0,-0.5555,0.7856,0.1153,-0.0141,0.2812,0.1153,0.3042
8.476999,0.0,0.5556,0.0,0.0,0.5556,0.1153,-0.0041,0.2812,0.1153,0.3039
8.495001,0.0,0.0,0.0,0.0,0.0,0.1153,-0.0041,0.2812,0.1153,0.3039
8.512998,0.0,0.0,0.0,0.0,0.0,0.1153,-0.0041,0.2812,0.1153,0.3039
8.530998,0.0,-0.5556,0.0,0.0,0.5556,0.1153,-0.0141,0.2812,0.1153,0.3042
8.549001,0.0,0.0,0.0,0.0,0.0,0.1153,-0.0141,0.2812,0.1153,0.3042
8.567001,-0.5556,0.5556,0.0,-0.5556,0.7857,0.1053,-0.0041,0.2812,0.1053,0.3003
8.585001,0.0,-0.5556,0.5556,0.0,0.7857,0.1053,-0.0141,0.2912,0.1053,0.31
8.603001,-1.1111,0.0,-0.5556,-1.1111,1.2423,0.0853,-0.0141,0.2812,0.0853,0.2942
8.620001,4.1176,0.5882,-0.5882,4.1176,4.2008,0.1553,-0.0041,0.2712,0.1553,0.3125
8.638001,-0.0,2.2222,0.5556,-0.0,2.2906,0.1553,0.0359,0.2812,0.1553,0.3232
8.656,-0.5556,3.3335,-2.7779,-0.5556,4.3747,0.1453,0.0959,0.2312,0.1453,0.2894
8.674001,-13.8881,-8.3329,-7.2218,-13.8881,17.7333,-0.1047,-0.0541,0.1012,-0.1047,0.1553
8.691999,-45.5606,1.1112,-8.3343,-45.5606,46.33,-0.9247,-0.0341,-0.0488,-0.9247,0.9266
8.709998,-117.2287,8.8894,1.6668,-117.2287,117.5771,-3.0347,0.1259,-0.0188,-3.0347,3.0374
8.728,-8.3324,-4.444,-5.5549,-8.3324,10.9561,-3.1847,0.0459,-0.1188,-3.1847,3.1873
8.746001,106.1052,22.221,-12.2215,106.1052,109.0938,-1.2747,0.4459,-0.3388,-1.2747,1.3923
8.764,12.7785,47.2248,5.5559,12.7785,49.2376,-1.0447,1.2959,-0.2388,-1.0447,1.6816
8.782,-132.2222,23.3333,15.5556,-132.2222,135.1634,-3.4247,1.7159,0.0412,-3.4247,3.8307
8.799002,-262.9102,14.116,9.9988,-262.9102,263.4787,-7.8947,1.9559,0.2112,-7.8947,8.1361
8.817001,-333.9074,38.3355,5.5559,-333.9074,336.1468,-13.9047,2.6459,0.3112,-13.9047,14.1576
8.835,-452.8029,31.6684,-8.8894,-452.8029,453.996,-22.0547,3.2159,0.1512,-22.0547,22.2884
8.853,-467.2222,23.8889,1.1111,-467.2222,467.8339,-30.4647,3.6459,0.1712,-30.4647,30.6826
8.870998,-456.7174,-1.1112,28.3365,-456.7174,457.597,-38.6847,3.6259,0.6812,-38.6847,38.8602
8.889001,-414.9308,-11.6647,71.0993,-414.9308,421.1399,-46.1547,3.4159,1.9612,-46.1547,46.3225
8.907001,-440.5556,42.2222,38.8889,-440.5556,444.2795,-54.0847,4.1759,2.6612,-54.0847,54.3109
8.925001,-421.6667,19.4444,36.1111,-421.6667,423.6566,-61.6747,4.5259,3.3112,-61.6747,61.9291
8.943,-360.02,16.112,57.2254,-360.02,364.8955,-68.1547,4.8159,4.3412,-68.1547,68.4624
8.961,-289.4444,-5.5556,55.5556,-289.4444,294.7802,-73.3647,4.7159,5.3412,-73.3647,73.7099
8.979,-233.3333,-162.2222,81.6667,-233.3333,295.6855,-77.5647,1.7959,6.8112,-77.5647,77.8839
8.997001,-107.2163,19.9989,81.6621,-107.2163,136.2497,-79.4947,2.1559,8.2812,-79.4947,79.9539
9.015,13.3341,57.2254,88.3382,13.3341,106.0952,-79.2547,3.1859,9.8712,-79.2547,79.9306
9.032997,103.3506,51.1196,69.456,103.3506,134.6057,-77.3947,4.1059,11.1212,-77.3947,78.2974
9.051,219.9633,96.6506,69.4329,219.9633,250.0922,-73.4347,5.8459,12.3712,-73.4347,74.6986
9.069,278.3333,101.6667,70.0,278.3333,304.4759,-68.4247,7.6759,13.6312,-68.4247,70.1902
9.087001,297.2057,-71.1072,44.442,297.2057,308.8083,-63.0747,6.3959,14.4312,-63.0747,65.0199
9.105,176.1209,69.4483,10.5561,176.1209,189.6129,-59.9047,7.6459,14.6212,-59.9047,62.1354
9.123,191.6667,103.8889,-11.6667,191.6667,218.3234,-56.4547,9.5159,14.4112,-56.4547,59.037
9.141001,215.5436,125.5486,-2.7776,215.5436,249.4578,-52.5747,11.7759,14.3612,-52.5747,55.7585
9.158998,172.8066,118.3531,8.8904,172.8066,209.6392,-49.4647,13.9059,14.5212,-49.4647,53.3947
9.175997,211.7772,36.4727,8.2358,211.7772,215.0527,-45.8647,14.5259,14.6612,-45.8647,50.2944
9.193998,369.4239,-17.7768,-7.7773,369.4239,369.9331,-39.2147,14.2059,14.5212,-39.2147,44.1641
9.212001,109.4262,-108.3153,-3.3328,109.4262,154.0046,-37.2447,12.2559,14.4612,-37.2447,41.7912
9.23,238.3466,49.4472,-56.6698,238.3466,249.9312,-32.9547,13.1459,13.4412,-32.9547,37.9406
9.248,139.4444,61.1111,-46.1111,139.4444,159.0772,-30.4447,14.2459,12.6112,-30.4447,35.9008
9.266,42.2222,40.5556,13.3333,42.2222,60.0437,-29.6847,14.9759,12.8512,-29.6847,35.6456
9.284001,143.8809,23.332,24.4431,143.8809,147.7957,-27.0947,15.3959,13.2912,-27.0947,33.8794
9.302,130.0072,36.6687,-2.7779,130.0072,135.1081,-24.7547,16.0559,13.2412,-24.7547,32.3406
9.319999,28.3349,38.3355,6.1115,28.3349,48.0606,-24.2447,16.7459,13.3512,-24.2447,32.3494
9.338001,96.6559,61.1043,14.9983,96.6559,115.3302,-22.5047,17.8459,13.6212,-22.5047,31.7879
9.356001,133.8889,65.0,5.0,133.8889,148.9169,-20.0947,19.0159,13.7112,-20.0947,30.8771
9.374001,163.8889,89.4444,-7.7778,163.8889,186.8699,-17.1447,20.6259,13.5712,-17.1447,30.059
9.391998,256.7095,147.8024,-18.892,256.7095,296.8202,-12.5247,23.2859,13.2312,-12.5247,29.5663
9.410001,366.6056,186.6356,-9.9983,366.6056,411.5002,-5.9247,26.6459,13.0512,-5.9247,30.2562
9.428001,358.8889,157.7778,3.3333,358.8889,392.0538,0.5353,29.4859,13.1112,0.5353,32.2739
9.446001,304.4444,77.7778,-36.1111,304.4444,316.2907,6.0153,30.8859,12.4612,6.0153,33.8438
9.464001,351.6667,1.1111,-51.6667,351.6667,355.4436,12.3453,30.9059,11.5312,12.3453,35.2214
9.482001,340.0,80.5556,-41.6667,340.0,351.8882,18.4653,32.3559,10.7812,18.4653,38.7828
9.5,407.8004,83.338,-77.2265,407.8004,423.3324,25.8053,33.8559,9.3912,25.8053,43.5928
9.518001,457.1968,60.5522,-81.6621,457.1968,468.3633,34.0353,34.9459,7.9212,34.0353,49.4202
9.535999,386.154,56.673,-65.5628,386.154,395.7591,40.9853,35.9659,6.7412,40.9853,54.9434
9.554001,330.5188,31.6631,-73.3252,330.5188,340.0321,46.9353,36.5359,5.4212,46.9353,59.7259
9.572001,231.6667,6.1111,-55.0,231.6667,238.1844,51.1053,36.6459,4.4312,51.1053,63.0421
9.590001,95.5556,9.4444,-65.5556,95.5556,116.2652,52.8253,36.8159,3.2512,52.8253,64.4709
9.608001,119.4444,8.3333,-58.3333,119.4444,133.1886,54.9753,36.9659,2.2012,54.9753,66.2843
9.626001,67.2222,1.1111,-36.6667,67.2222,76.5801,56.1853,36.9859,1.5412,56.1853,67.2839
9.644001,28.8889,1.6667,-27.7778,28.8889,40.1117,56.7053,37.0159,1.0412,56.7053,67.7255
9.662001,-36.6667,-6.1111,-6.6667,-36.6667,37.7655,56.0453,36.9059,0.9212,56.0453,67.1116
9.680001,-125.5556,-22.2222,31.1111,-125.5556,131.2476,53.7853,36.5059,1.4812,53.7853,65.021
9.698,-338.9077,1.6668,77.2265,-338.9077,347.5991,47.6853,36.5359,2.8712,47.6853,60.1415
9.716001,-516.0824,-89.4395,83.3287,-516.0824,530.3623,38.3953,34.9259,4.3712,38.3953,52.0876
9.733998,-515.6415,-207.2568,47.2301,-515.6415,557.7385,29.1153,31.1959,5.2212,29.1153,42.99
9.752,-403.844,-157.2048,32.2186,-403.844,434.5588,21.8453,28.3659,5.8012,21.8453,36.2697
9.77,-241.6667,-5.0,60.0,-241.6667,249.0538,17.4953,28.2759,6.8812,17.4953,33.9553
9.787999,-83.8935,17.7788,47.2248,-83.8935,97.8999,15.9853,28.5959,7.7312,15.9853,33.6604
9.805998,-150.5639,-0.5556,29.4461,-150.5639,153.4173,13.2753,28.5859,8.2612,13.2753,32.5827
9.824002,-213.8414,-32.7705,31.1042,-213.8414,218.5624,9.4253,27.9959,8.8212,9.4253,30.8289
9.842001,-302.239,-72.7818,38.3355,-302.239,313.2335,3.9853,26.6859,9.5112,3.9853,28.6091
9.860001,-148.8889,-116.1111,58.8889,-148.8889,197.7817,1.3053,24.5959,10.5712,1.3053,26.8032
9.878,-253.3474,-232.7907,0.0,-253.3474,344.0588,-3.2547,20.4059,10.5712,-3.2547,23.2108
9.895997,-232.8166,-218.9254,-59.4544,-232.8166,325.0641,-7.4447,16.4659,9.5012,-7.4447,20.4162
9.914001,-257.1651,-69.9844,-15.5521,-257.1651,266.9711,-12.0747,15.2059,9.2212,-12.0747,21.4953
9.931999,-264.4738,-16.6685,15.5573,-264.4738,265.4548,-16.8347,14.9059,9.5012,-16.8347,24.4103
9.950001,-287.7458,-7.2214,18.3313,-287.7458,288.4195,-22.0147,14.7759,9.8312,-22.0147,28.2777
9.968001,-303.8889,-33.8889,30.5556,-303.8889,307.2956,-27.4847,14.1659,10.3812,-27.4847,32.6167
9.984998,-340.6483,-60.5989,32.947,-340.6483,347.5616,-33.2747,13.1359,10.9412,-33.2747,37.4094
10.003,-330.5188,-58.8823,27.7747,-330.5188,336.8698,-39.2247,12.0759,11.4412,-39.2247,42.6064
10.021001,-318.3156,-69.9961,0.0,-318.3156,325.9207,-44.9547,10.8159,11.4412,-44.9547,47.632
10.038997,-229.4954,-59.4577,16.6704,-229.4954,237.6579,-49.0847,9.7459,11.7412,-49.0847,51.4018
10.057001,-207.7316,-35.5477,39.4357,-207.7316,214.409,-52.8247,9.1059,12.4512,-52.8247,55.0309
10.075,-196.122,-56.1142,68.8927,-196.122,215.3111,-56.3547,8.0959,13.6912,-56.3547,58.5563
10.093008,-258.7739,-61.6393,59.9733,-258.7739,272.6905,-61.0147,6.9859,14.7712,-61.0147,63.1647
10.111001,-206.7471,-113.9332,57.2445,-206.7471,242.9034,-64.7347,4.9359,15.8012,-64.7347,66.8178
10.129,-138.341,-76.6709,48.336,-138.341,165.3875,-67.2247,3.5559,16.6712,-67.2247,69.3522
10.147001,-69.9961,-2.7776,20.5544,-69.9961,73.0045,-68.4847,3.5059,17.0412,-68.4847,70.6601
10.165,-28.3349,18.3344,20.0011,-28.3349,39.2309,-68.9947,3.8359,17.4012,-68.9947,71.2586
10.183001,34.9981,21.6655,31.6649,34.9981,51.9319,-68.3647,4.2259,17.9712,-68.3647,70.8135
10.201,60.5589,3.8891,21.6679,60.5589,64.436,-67.2747,4.2959,18.3612,-67.2747,69.8675
10.219001,127.7707,-6.1108,33.887,127.7707,132.3292,-64.9747,4.1859,18.9712,-64.9747,67.817
10.237001,193.3333,-11.1111,24.4444,193.3333,195.1891,-61.4947,3.9859,19.4112,-61.4947,64.6087
10.255001,225.0,15.0,-9.4444,225.0,225.6971,-57.4447,4.2559,19.2412,-57.4447,60.7308
10.273001,244.4444,42.7778,-17.2222,244.4444,248.7562,-53.0447,5.0259,18.9312,-53.0447,56.5455
10.291,174.4541,72.2262,-24.4458,174.4541,190.3903,-49.9047,6.3259,18.4912,-49.9047,53.595
10.309001,160.5466,91.106,-23.8876,160.5466,186.1348,-47.0147,7.9659,18.0612,-47.0147,50.9906
10.326998,152.2476,52.7866,-27.7824,152.2476,163.5164,-44.2747,8.9159,17.5612,-44.2747,48.4576
10.345,190.5344,17.7758,-31.6631,190.5344,193.9636,-40.8447,9.2359,16.9912,-40.8447,45.1917
10.363001,163.8798,-3.8887,-27.7762,163.8798,166.2625,-37.8947,9.1659,16.4912,-37.8947,42.3318
10.381001,101.1111,33.3333,-12.2222,101.1111,107.1632,-36.0747,9.7659,16.2712,-36.0747,40.7616
10.399001,87.2222,35.0,8.8889,87.2222,94.402,-34.5047,10.3959,16.4312,-34.5047,39.606
10.417001,21.1111,31.6667,-1.1111,21.1111,38.0748,-34.1247,10.9659,16.4112,-34.1247,39.4217
10.434998,86.6811,8.3347,-19.4477,86.6811,89.2261,-32.5647,11.1159,16.0612,-32.5647,37.9735
10.453001,123.3128,-4.9992,-21.1076,123.3128,125.2061,-30.3447,11.0259,15.6812,-30.3447,35.8925
10.471002,146.103,16.1102,-6.6663,146.103,147.1396,-27.7147,11.3159,15.5612,-27.7147,33.7388
10.489,176.1307,20.0022,-5.0006,176.1307,177.3333,-24.5447,11.6759,15.4712,-24.5447,31.275
10.507001,178.3234,17.7768,7.7773,178.3234,179.376,-21.3347,11.9959,15.6112,-21.3347,29.0307
10.524999,235.5817,27.7809,6.1118,235.5817,237.2928,-17.0947,12.4959,15.7212,-17.0947,26.3729
10.542998,331.1295,90.5606,-11.6673,331.1295,343.4881,-11.1347,14.1259,15.5112,-11.1347,23.7512
10.561001,452.1469,133.3111,-28.3286,452.1469,472.2406,-2.9947,16.5259,15.0012,-2.9947,22.5191
10.579002,451.0861,134.9925,-40.5533,451.0861,472.5951,5.1253,18.9559,14.2712,5.1253,24.2747
10.597001,345.0192,34.4464,-5.0003,345.0192,346.7705,11.3353,19.5759,14.1812,11.3353,26.6985
10.615,182.2323,8.8894,2.7779,182.2323,182.4702,14.6153,19.7359,14.2312,14.6153,28.3838
10.632998,72.2302,-11.668,-5.0006,72.2302,73.3373,15.9153,19.5259,14.1412,15.9153,28.8882
10.651001,-2.2219,2.7773,-1.1109,-2.2219,3.7262,15.8753,19.5759,14.1212,15.8753,28.8903
10.669001,-56.6667,4.4444,1.6667,-56.6667,56.8651,14.8553,19.6559,14.1512,14.8553,28.4128
10.687001,-118.8889,-17.7778,-1.1111,-118.8889,120.2159,12.7153,19.3359,14.1312,12.7153,27.1154
10.705,-223.9013,-33.8908,3.8891,-223.9013,226.4851,8.6853,18.7259,14.2012,8.6853,25.0553
10.723001,-278.3179,-7.7773,-2.2221,-278.3179,278.4354,3.6753,18.5859,14.1612,3.6753,23.6534
10.741001,-171.1111,23.3333,-17.7778,-171.1111,173.6073,0.5953,19.0059,13.8412,0.5953,23.5193
10.758997,-107.2461,25.0056,-23.3385,-107.2461,112.5686,-1.3347,19.4559,13.4212,-1.3347,23.6736
10.776999,-98.8779,24.9972,-12.7764,-98.8779,102.7859,-3.1147,19.9059,13.1912,-3.1147,24.0822
10.795,109.9939,111.6605,-23.332,109.9939,158.4648,-1.1347,21.9159,12.7712,-1.1347,25.3909
10.813,143.8889,60.0,-47.7778,143.8889,163.0544,1.4553,22.9959,11.9112,1.4553,25.9385
10.831001,181.6566,-8.3329,6.6663,181.6566,181.9697,4.7253,22.8459,12.0312,4.7253,26.249
10.849001,265.0,5.5556,21.6667,265.0,265.9423,9.4953,22.9459,12.4212,9.4953,27.7662
10.867001,141.6667,-63.8889,69.4444,141.6667,170.2168,12.0453,21.7959,13.6712,12.0453,28.4086
10.885001,20.0,-58.3333,49.4444,20.0,79.0413,12.4053,20.7459,14.5612,12.4053,28.219
10.903001,-142.7778,-51.6667,1.1111,-142.7778,151.8426,9.8353,19.8159,14.5812,9.8353,26.4955
10.921,-155.0086,13.8897,-10.5561,-155.0086,155.9873,7.0453,20.0659,14.3912,7.0453,25.6784
10.938998,-242.2491,-37.2264,-42.7825,-242.2491,248.7987,2.6853,19.3959,13.6212,2.6853,23.8526
10.957,-248.8612,-36.1071,-87.768,-248.8612,266.3435,-1.7947,18.7459,12.0412,-1.7947,22.3522
10.975001,77.2179,109.9939,-110.5494,77.2179,174.0185,-0.4047,20.7259,10.0512,-0.4047,23.0381
10.993001,255.5556,65.0,-18.8889,255.5556,264.368,4.1953,21.8959,9.7112,4.1953,24.3174
11.011,277.2376,-0.5556,129.4516,277.2376,305.9718,9.1853,21.8859,12.0412,9.1853,26.6149
11.029001,144.4364,-29.9983,119.9933,144.4364,190.1583,11.7853,21.3459,14.2012,11.7853,28.2173
11.047001,3.3333,-71.6667,40.0,3.3333,82.1415,11.8453,20.0559,14.9212,11.8453,27.6621
11.064998,-18.3364,25.5598,-31.6719,-18.3364,44.639,11.5153,20.5159,14.3512,11.5153,27.5583
11.083001,-141.0876,31.6614,-3.8882,-141.0876,144.6488,8.9753,21.0859,14.2812,8.9753,27.0023
11.101,-241.1245,-96.672,-15.0008,-241.1245,260.2144,4.6353,19.3459,14.0112,4.6353,24.3323
11.119001,-137.7701,-59.4411,-64.4409,-137.7701,163.2987,2.1553,18.2759,12.8512,2.1553,22.4456
11.137002,144.9919,-27.2207,-28.8873,144.9919,150.3267,4.7653,17.7859,12.3312,4.7653,22.1609
11.155,240.5823,-45.005,64.4516,240.5823,253.0994,9.0953,16.9759,13.4912,9.0953,23.5142
11.173,180.5556,54.4444,50.5556,180.5556,195.2444,12.3453,17.9559,14.4012,12.3453,26.1192
11.191,49.4444,16.1111,-12.7778,49.4444,53.5499,13.2353,18.2459,14.1712,13.2353,26.6253
11.209,-5.0,-2.7778,-26.6667,-5.0,27.2732,13.1453,18.1959,13.6912,13.1453,26.2933
11.226998,-123.347,-42.7825,0.5556,-123.347,130.5571,10.9253,17.4259,13.7012,10.9253,24.7133
11.244997,-200.5667,-71.1151,-10.0006,-200.5667,213.0361,7.3153,16.1459,13.5212,7.3153,22.2941
11.263004,-294.33,-127.1728,-53.3126,-294.33,325.0312,2.0153,13.8559,12.5612,2.0153,18.8104
11.281,-228.3841,-96.6882,-87.7973,-228.3841,263.0898,-2.0947,12.1159,10.9812,-2.0947,16.4854
11.299,57.7778,-22.7778,17.7778,57.7778,64.5999,-1.0547,11.7059,11.3012,-1.0547,16.3051
11.317001,267.2074,-26.6652,126.1041,267.2074,296.67,3.7553,11.2259,13.5712,3.7553,18.0083
11.335001,185.0,46.1111,54.4444,185.0,198.2812,7.0853,12.0559,14.5512,7.0853,20.1812
11.353001,-0.5556,10.0,19.4444,-0.5556,21.8722,7.0753,12.2359,14.9012,7.0753,20.5383
11.371001,-5.5556,26.1111,11.1111,-5.5556,28.9156,6.9753,12.7059,15.1012,6.9753,20.9318
11.388999,-132.7925,-9.4455,-29.4477,-132.7925,136.346,4.5853,12.5359,14.5712,4.5853,19.7609
11.406998,-193.3441,-51.6695,-35.5575,-193.3441,203.2634,1.1053,11.6059,13.9312,1.1053,18.1658
11.425001,-286.0634,-109.4262,-64.9892,-286.0634,313.0974,-4.0447,9.6359,12.7612,-4.0447,16.4942
11.442997,-76.6837,-30.5623,-112.2472,-76.6837,139.3337,-5.4247,9.0859,10.7412,-5.4247,15.0782
11.461002,125.5207,-44.4321,40.5443,125.5207,139.1887,-3.1647,8.2859,11.4712,-3.1647,14.5003
11.479,191.1323,56.1173,90.5656,191.1323,218.8215,0.2753,9.2959,13.1012,0.2753,16.0664
11.497001,149.4361,83.3287,35.5536,149.4361,174.7538,2.9653,10.7959,13.7412,2.9653,17.7247
11.515,57.2254,7.7782,44.4469,57.2254,72.8751,3.9953,10.9359,14.5412,3.9953,18.628
11.532001,25.8808,-49.4089,4.1174,25.8808,55.9286,4.4353,10.0959,14.6112,4.4353,18.3053
11.55,-153.3419,-100.5611,-26.1126,-153.3419,185.2245,1.6753,8.2859,14.1412,1.6753,16.4753
11.568001,-200.5444,-132.2149,-26.6652,-200.5444,241.6813,-1.9347,5.9059,13.6612,-1.9347,15.0083
11.585998,-152.8032,-87.2368,-80.0133,-152.8032,193.2905,-4.6847,4.3359,12.2212,-4.6847,13.7878
11.604001,41.1043,-40.5488,-45.548,41.1043,73.5417,-3.9447,3.6059,11.4012,-3.9447,12.5917
11.622001,234.4444,-22.2222,41.6667,234.4444,239.153,0.2753,3.2059,12.1512,0.2753,12.57
11.64,172.2318,150.0083,46.6693,172.2318,233.1187,3.3753,5.9059,12.9912,3.3753,14.6643
11.658001,106.6607,158.8801,18.8878,106.6607,192.2918,5.2953,8.7659,13.3312,5.2953,16.8107
11.676,-36.1131,112.784,23.3346,-36.1131,120.7017,4.6453,10.7959,13.7512,4.6453,18.0894
11.694001,-54.9969,46.6641,-6.1108,-54.9969,72.3847,3.6553,11.6359,13.6412,3.6553,18.2985
11.712001,-191.1111,-100.0,17.7778,-191.1111,216.4244,0.2153,9.8359,13.9612,0.2153,17.0794
11.730001,-180.5556,-142.7778,-10.5556,-180.5556,230.4283,-3.0347,7.2659,13.7712,-3.0347,15.8634
11.748001,-136.6667,-78.3333,-65.5556,-136.6667,170.6207,-5.4947,5.8559,12.5912,-5.4947,14.9339
11.766001,-75.5556,14.4444,-68.8889,-75.5556,103.2616,-6.8547,6.1159,11.3512,-6.8547,14.6027
11.784,-12.7785,65.5592,-69.4483,-12.7785,96.3554,-7.0847,7.2959,10.1012,-7.0847,14.3338
11.802001,-44.442,73.3293,-53.8859,-44.442,101.2717,-7.8847,8.6159,9.1312,-7.8847,14.825
11.820002,111.6605,-67.2185,-101.1055,111.6605,164.9506,-5.8747,7.4059,7.3112,-5.8747,11.9504
11.838001,286.127,-163.898,-103.8947,286.127,345.7243,-0.7247,4.4559,5.4412,-0.7247,7.0701
11.854997,168.8633,-103.5538,-24.7117,168.8633,199.6218,2.1453,2.6959,5.0212,2.1453,6.0895
11.873,-72.7657,-63.3228,40.5488,-72.7657,104.6366,0.8353,1.5559,5.7512,0.8353,6.0162
11.891001,183.8787,-134.437,19.9989,183.8787,228.6583,4.1453,-0.8641,6.1112,4.1453,7.4348
11.909001,156.1111,-162.7778,66.1111,156.1111,235.0276,6.9553,-3.7941,7.3012,6.9553,10.774
11.926997,88.353,-152.2561,33.8964,88.353,179.2683,8.5453,-6.5341,7.9112,8.5453,13.353
11.945,117.2027,79.9867,24.4404,117.2027,143.985,10.6553,-5.0941,8.3512,10.6553,14.4647
11.963001,-5.5552,-36.6646,8.3329,-5.5552,38.0078,10.5553,-5.7541,8.5012,10.5553,14.7239
11.981,-123.3402,-13.3341,-0.5556,-123.3402,124.0601,8.3353,-5.9941,8.4912,8.3353,13.3232
11.999001,-35.5536,0.5555,1.111,-35.5536,35.5753,7.6953,-5.9841,8.5112,7.6953,12.9409
12.016998,11.6686,8.8904,1.6669,11.6686,14.7639,7.9053,-5.8241,8.5412,7.9053,13.0141
12.035001,-8.8874,4.9992,0.5555,-8.8874,10.2121,7.7453,-5.7341,8.5512,7.7453,12.8838
12.052997,-10.5579,2.2227,0.0,-10.5579,10.7893,7.5553,-5.6941,8.5512,7.5553,12.7526
12.071001,-12.7749,4.9989,0.0,-12.7749,13.7182,7.3253,-5.6041,8.5512,7.3253,12.5773
12.089001,-7.2222,2.2222,0.0,-7.2222,7.5564,7.1953,-5.5641,8.5512,7.1953,12.4842
12.107002,-12.2215,2.7776,0.0,-12.2215,12.5332,6.9753,-5.5141,8.5512,6.9753,12.3362
12.125001,-9.445,3.8891,0.0,-9.445,10.2143,6.8053,-5.4441,8.5512,6.8053,12.2095
12.143001,-8.8889,2.7778,0.5556,-8.8889,9.3294,6.6453,-5.3941,8.5612,6.6453,12.1058
12.161001,-9.4444,3.3333,0.0,-9.4444,10.0154,6.4753,-5.3341,8.5612,6.4753,11.9865
12.178998,-9.446,1.6669,0.0,-9.446,9.592,6.3053,-5.3041,8.5612,6.3053,11.8821
12.195998,-10.0,2.9412,0.0,-10.0,10.4236,6.1353,-5.2541,8.5612,6.1353,11.7704
12.214001,86.6522,-16.6639,-11.1093,86.6522,88.9365,7.6953,-5.5541,8.3612,7.6953,12.6481
12.232,145.0081,-31.1128,-10.5561,145.0081,148.6835,10.3053,-6.1141,8.1712,10.3053,14.5034
12.25,53.3333,-7.7778,-1.1111,53.3333,53.9089,11.2653,-6.2541,8.1512,11.2653,15.2467
12.268001,111.1049,-17.7768,-17.7768,111.1049,113.9137,13.2653,-6.5741,7.8312,13.2653,16.7486
12.286001,52.7778,-3.3333,2.2222,52.7778,52.9296,14.2153,-6.6341,7.8712,14.2153,17.5511
12.304001,25.5556,10.0,-0.5556,25.5556,27.448,14.6753,-6.4541,7.8612,14.6753,17.8555
12.322,207.7893,-41.1134,-33.8908,207.7893,214.5118,18.4153,-7.1941,7.2512,18.4153,21.0584
12.34,482.2222,-137.7778,-118.8889,482.2222,515.4178,27.0953,-9.6741,5.1112,27.0953,29.221
12.358001,451.0861,-81.6621,-96.6613,451.0861,468.4984,35.2153,-11.1441,3.3712,35.2153,37.0901
12.376002,273.3181,-73.8848,-70.5516,273.3181,291.7864,40.1353,-12.4741,2.1012,40.1353,42.0816
12.394001,240.0133,-48.8916,-49.4472,240.0133,249.8836,44.4553,-13.3541,1.2112,44.4553,46.4335
12.412001,320.5556,-102.7778,-39.4444,320.5556,338.9321,50.2253,-15.2041,0.5012,50.2253,52.4785
12.429002,463.5021,-45.2915,-8.823,463.5021,465.7933,58.1053,-15.9741,0.3512,58.1053,60.2621
12.447002,352.2222,-55.5556,-12.7778,352.2222,356.8055,64.4453,-16.9741,0.1212,64.4453,66.6433
12.464998,159.4799,-62.2361,-27.2283,159.4799,173.3451,67.3153,-18.0941,-0.3688,67.3153,69.7057
12.483,109.9878,-27.7747,-46.6615,109.9878,122.6623,69.2953,-18.5941,-1.2088,69.2953,71.7568
12.500998,-41.1157,58.3398,-31.1146,-41.1157,77.8598,68.5553,-17.5441,-1.7688,68.5553,70.7867
12.519001,-236.0718,-56.6572,24.4404,-236.0718,244.0026,64.3053,-18.5641,-1.3288,64.3053,66.9445
12.537,-441.1356,161.1201,5.0003,-441.1356,469.6651,56.3653,-15.6641,-1.2388,56.3653,58.5145
12.555001,-242.7643,66.1074,6.6663,-242.7643,251.6925,51.9953,-14.4741,-1.1188,51.9953,53.9839
12.572001,-58.2353,30.5882,-2.9412,-58.2353,65.8456,51.0053,-13.9541,-1.1688,51.0053,52.8926
12.59,-94.4497,17.2232,7.2226,-94.4497,96.2785,49.3053,-13.6441,-1.0388,49.3053,51.1689
12.608001,-140.5477,3.8887,35.5536,-140.5477,145.0271,46.7753,-13.5741,-0.3988,46.7753,48.7067
12.626001,-126.6667,1.1111,29.4444,-126.6667,130.0487,44.4953,-13.5541,0.1312,44.4953,46.5141
12.644,-72.7818,12.2229,35.0019,-72.7818,81.6807,43.1853,-13.3341,0.7612,43.1853,45.2034
12.662,-50.5556,43.8889,16.1111,-50.5556,68.8598,42.2753,-12.5441,1.0512,42.2753,44.1096
12.68,-290.5556,20.5556,41.1111,-290.5556,294.1686,37.0453,-12.1741,1.7912,37.0453,39.0355
12.698001,-210.5439,-21.1099,11.666,-210.5439,211.9208,33.2553,-12.5541,2.0012,33.2553,35.6023
12.715998,5.5565,8.8904,26.1155,5.5565,28.1413,33.3553,-12.3941,2.4712,33.3553,35.6693
12.734001,-105.538,3.8882,39.9933,-105.538,112.9285,31.4553,-12.3241,3.1912,31.4553,33.9338
12.752001,-38.3333,-10.5556,23.3333,-38.3333,46.1011,30.7653,-12.5141,3.6112,30.7653,33.4088
12.769997,-116.1369,-10.0022,50.5668,-116.1369,127.0623,28.6753,-12.6941,4.5212,28.6753,31.6837
12.788001,-152.1884,-47.2117,43.3237,-152.1884,165.1278,25.9353,-13.5441,5.3012,25.9353,29.7352
12.804999,-176.4914,-64.1252,50.0059,-176.4914,194.324,22.9353,-14.6341,6.1512,22.9353,27.893
12.822,-182.3422,-59.9965,74.7015,-182.3422,205.982,19.8353,-15.6541,7.4212,19.8353,26.3356
12.84,-160.0,-65.0,55.0,-160.0,181.2457,16.9553,-16.8241,8.4112,16.9553,25.3235
12.857998,-211.1346,-40.0044,40.5601,-211.1346,218.6853,13.1553,-17.5441,9.1412,13.1553,23.7575
12.876,-285.5238,-68.3257,54.4384,-285.5238,298.5897,8.0153,-18.7741,10.1212,8.0153,22.7849
12.894001,-283.8731,-92.2171,63.3298,-283.8731,305.1206,2.9053,-20.4341,11.2612,2.9053,23.5119
12.912001,-251.6667,-80.5556,75.0,-251.6667,274.6822,-1.6247,-21.8841,12.6112,-1.6247,25.31
12.930001,-242.2222,-91.1111,66.1111,-242.2222,267.1021,-5.9847,-23.5241,13.8012,-5.9847,27.9226
12.947001,-285.2941,-162.3529,90.5882,-285.2941,340.5252,-10.8347,-26.2841,15.3412,-10.8347,32.3048
12.965001,-207.7778,-112.7778,89.4444,-207.7778,252.7662,-14.5747,-28.3141,16.9512,-14.5747,36.0757
12.983001,-106.1111,-71.1111,35.5556,-106.1111,132.5917,-16.4847,-29.5941,17.5912,-16.4847,38.1708
13.000998,-0.5556,1.6669,8.3347,-0.5556,8.5179,-16.4947,-29.5641,17.7412,-16.4947,38.2212
13.019,-7.7769,-22.2198,9.4434,-7.7769,25.3648,-16.6347,-29.9641,17.9112,-16.6347,38.67
13.037001,7.7773,-19.4434,12.7771,7.7773,24.5313,-16.4947,-30.3141,18.1412,-16.4947,38.9888
13.055001,-9.4444,-14.4444,30.5556,-9.4444,35.0925,-16.6647,-30.5741,18.6912,-16.6647,39.5202
13.073001,96.6667,-28.8889,-0.5556,96.6667,100.8926,-14.9247,-31.0941,18.6812,-14.9247,39.2247
13.091001,103.8889,-3.3333,-26.6667,103.8889,107.3085,-13.0547,-31.1541,18.2012,-13.0547,38.3704
13.108999,178.3532,21.6691,-35.0039,178.3532,183.0428,-9.8447,-30.7641,17.5712,-9.8447,36.7709
13.127,357.7579,42.2199,-66.1074,357.7579,366.256,-3.4047,-30.0041,16.3812,-3.4047,34.3538
13.145001,383.8676,54.9969,-83.8842,383.8676,396.7563,3.5053,-29.0141,14.8712,3.5053,32.7911
13.163001,157.7778,55.0,-58.3333,157.7778,176.9791,6.3453,-28.0241,13.8212,6.3453,31.8848
13.181001,42.2222,68.8889,-28.3333,42.2222,85.6223,7.1053,-26.7841,13.3112,7.1053,30.7419
13.199001,5.5556,-2.2222,1.6667,5.5556,6.2113,7.2053,-26.8241,13.3412,7.2053,30.8129
13.217001,40.5556,12.2222,-8.8889,40.5556,43.2799,7.9353,-26.6041,13.1812,7.9353,30.7326
13.234997,122.2494,10.0022,-39.4532,122.2494,128.8469,10.1353,-26.4241,12.4712,10.1353,30.9271
13.253,272.7323,21.1076,-51.6581,272.7323,278.3828,15.0453,-26.0441,11.5412,15.0453,32.2158
13.271001,292.206,-8.8884,-32.2204,292.206,294.1114,20.3053,-26.2041,10.9612,20.3053,34.9157
13.289001,278.8889,-4.4444,-32.7778,278.8889,280.8436,25.3253,-26.2841,10.3712,25.3253,37.9445
13.306998,256.7095,-41.118,-40.5623,256.7095,263.1268,29.9453,-27.0241,9.6412,29.9453,41.4726
13.325001,244.9592,-29.4395,-51.6581,244.9592,252.0719,34.3553,-27.5541,8.7112,34.3553,44.8932
13.343001,216.1111,82.2222,-43.3333,216.1111,235.2494,38.2453,-26.0741,7.9312,38.2453,46.9624
13.360997,190.0422,81.1291,-25.5612,190.0422,208.2099,41.6653,-24.6141,7.4712,41.6653,48.966
13.379001,207.7316,50.5443,-1.6663,207.7316,213.7988,45.4053,-23.7041,7.4412,45.4053,51.7581
13.397,254.4586,21.6679,11.1117,254.4586,255.6211,49.9853,-23.3141,7.6412,49.9853,55.6818
13.415001,207.7662,-51.6638,-2.2221,207.7662,214.1049,53.7253,-24.2441,7.6012,53.7253,59.4303
13.433,65.0036,-72.2262,-24.4458,65.0036,100.1983,54.8953,-25.5441,7.1612,54.8953,60.9695
13.451,-34.4444,-30.5556,-48.8889,-34.4444,67.1579,54.2753,-26.0941,6.2812,54.2753,60.5489
13.469001,-34.9981,15.5547,-43.3309,-34.9981,57.8306,53.6453,-25.8141,5.5012,53.6453,59.7867
13.487,-103.8947,68.8927,-46.6693,-103.8947,133.1102,51.7753,-24.5741,4.6612,51.7753,57.5004
13.505001,-219.4323,71.6627,-51.1083,-219.4323,236.4278,47.8253,-23.2841,3.7412,47.8253,53.3236
13.523001,-266.6667,31.6667,-3.8889,-266.6667,268.5685,43.0253,-22.7141,3.6712,43.0253,48.7912
13.541001,-252.7778,56.6667,4.4444,-252.7778,259.0897,38.4753,-21.6941,3.7512,38.4753,44.3289
13.558996,-107.8077,41.1225,-34.454,-107.8077,120.4186,36.5353,-20.9541,3.1312,36.5353,42.234
13.577002,-116.0724,24.4363,-24.9917,-116.0724,121.221,34.4453,-20.5141,2.6812,34.4453,40.1808
13.595001,-188.3438,-57.781,-28.8905,-188.3438,199.1148,31.0553,-21.5541,2.1612,31.0553,37.864
13.613,-151.1195,-81.1156,-12.2229,-151.1195,171.9484,28.3353,-23.0141,1.9412,28.3353,36.5555
13.631001,-140.5477,-92.7726,13.8881,-140.5477,168.9772,25.8053,-24.6841,2.1912,25.8053,35.7774
13.648998,-231.1496,-45.0075,23.3372,-231.1496,236.6442,21.6453,-25.4941,2.6112,21.6453,33.5453
13.665998,-274.7059,-17.6471,32.9412,-274.7059,277.2361,16.9753,-25.7941,3.1712,16.9753,31.0412
13.683,-246.4416,-29.4083,9.4107,-246.4416,248.3684,12.7853,-26.2941,3.3312,12.7853,29.4269
13.700998,-232.248,29.4477,2.2225,-232.248,234.118,8.6053,-25.7641,3.3712,8.6053,27.3716
13.718997,-235.0131,17.7788,-13.8897,-235.0131,236.0935,4.3753,-25.4441,3.1212,4.3753,26.0055
13.737001,-201.0664,1.6663,-4.9989,-201.0664,201.1355,0.7553,-25.4141,3.0312,0.7553,25.6054
13.754999,-132.7925,10.5567,0.0,-132.7925,133.2115,-1.6347,-25.2241,3.0312,-1.6347,25.4581
13.773,-51.6638,9.4439,21.6655,-51.6638,56.8131,-2.5647,-25.0541,3.4212,-2.5647,25.4164
13.790998,-111.6791,-43.8938,91.1212,-111.6791,150.6717,-4.5747,-25.8441,5.0612,-4.5747,26.7294
13.807997,-48.8264,-26.4721,84.7109,-48.8264,101.2952,-5.4047,-26.2941,6.5012,-5.4047,27.6199
13.826,3.8882,-63.3228,83.3194,3.8882,104.7236,-5.3347,-27.4341,8.0012,-5.3347,29.0708
13.843997,65.0108,-85.0142,68.3447,65.0108,126.9835,-4.1647,-28.9641,9.2312,-4.1647,30.6835
13.862001,121.0842,-74.9833,82.204,121.0842,164.4426,-1.9847,-30.3141,10.7112,-1.9847,32.212
13.880001,148.8889,-63.8889,19.4444,148.8889,163.1802,0.6953,-31.4641,11.0612,0.6953,33.359
13.897001,90.5882,-44.1176,51.7647,90.5882,113.2792,2.2353,-32.2141,11.9412,2.2353,34.4287
13.915,-98.8944,-162.7868,31.1128,-98.8944,192.9965,0.4553,-35.1441,12.5012,0.4553,37.3041
13.932998,-94.4549,-83.3426,25.5584,-94.4549,128.5339,-1.2447,-36.6441,12.9612,-1.2447,38.8887
13.951,-47.7725,108.8768,-47.217,-47.7725,127.9289,-2.1047,-34.6841,12.1112,-2.1047,36.7981
13.969001,-5.5552,178.3234,-88.884,-5.5552,199.325,-2.2047,-31.4741,10.5112,-2.2047,33.2561
13.987001,5.5556,288.3333,-163.8889,5.5556,331.7025,-2.1047,-26.2841,7.5612,-2.1047,27.4309
14.005002,51.6638,184.4342,-159.4356,51.6638,249.2084,-1.1747,-22.9641,4.6912,-1.1747,23.4678
14.023001,124.4514,85.5603,32.224,124.4514,154.425,1.0653,-21.4241,5.2712,1.0653,22.0888
14.040997,129.4732,21.1158,77.7951,129.4732,152.5164,3.3953,-21.0441,6.6712,3.3953,22.3358
14.058,137.6228,51.1674,148.7973,137.6228,209.0425,5.7353,-20.1741,9.2012,5.7353,22.9031
14.076,-6.6667,-111.1111,167.7778,-6.6667,201.3442,5.6153,-22.1741,12.2212,5.6153,25.9342
14.094002,-223.864,-101.0999,133.874,-223.864,279.7473,1.5853,-23.9941,14.6312,1.5853,28.1479
14.112001,13.3341,-94.4497,66.6704,13.3341,116.3765,1.8253,-25.6941,15.8312,1.8253,30.2348
14.130001,27.7778,4.4444,-16.6667,27.7778,32.6976,2.3253,-25.6141,15.5312,2.3253,30.0451
14.148001,94.4444,89.4444,-60.5556,94.4444,143.4818,4.0253,-24.0041,14.4412,4.0253,28.301
14.166,-31.1128,120.0067,-131.1184,-31.1128,180.4484,3.4653,-21.8441,12.0812,3.4653,25.2018
14.184,-33.8889,70.0,-101.6667,-33.8889,128.0022,2.8553,-20.5841,10.2512,2.8553,23.1721
14.202,47.7778,-50.0,25.5556,47.7778,73.7279,3.7153,-21.4841,10.7112,3.7153,24.292
14.219998,48.8943,10.0011,106.6785,48.8943,117.7751,4.5953,-21.3041,12.6312,4.5953,25.1899
14.237998,16.6667,-44.4444,113.8889,16.6667,123.3846,4.8953,-22.1041,14.6812,4.8953,26.9832
14.255997,-165.0092,-86.6715,62.2257,-165.0092,196.4994,1.9253,-23.6641,15.8012,1.9253,28.5197
14.273997,-153.3333,-34.4444,22.7778,-153.3333,158.7966,-0.8347,-24.2841,16.2112,-0.8347,29.2099
14.292001,-76.0942,-12.2195,-59.9867,-76.0942,97.6629,-2.2047,-24.5041,15.1312,-2.2047,28.8836
14.310001,68.8889,137.7778,-83.3333,68.8889,175.1366,-0.9647,-22.0241,13.6312,-0.9647,25.9191
14.328001,34.4444,194.4444,-105.5556,34.4444,223.913,-0.3447,-18.5241,11.7312,-0.3447,21.929
14.346001,17.2222,73.3333,-42.7778,17.2222,86.6275,-0.0347,-17.2041,10.9612,-0.0347,20.3993
14.364001,46.1111,-18.3333,56.1111,46.1111,74.9053,0.7953,-17.5341,11.9712,0.7953,21.2459
14.382001,51.1111,-50.5556,63.8889,51.1111,96.1769,1.7153,-18.4441,13.1212,1.7153,22.7001
14.400001,18.3333,-108.3333,75.5556,18.3333,133.3449,2.0453,-20.3941,14.4812,2.0453,25.096
14.418,-75.0042,-120.0067,107.7838,-75.0042,177.8892,0.6953,-22.5541,16.4212,0.6953,27.9075
14.436001,-69.9961,-107.2163,64.4409,-69.9961,143.3437,-0.5647,-24.4841,17.5812,-0.5647,30.1478
14.453998,-41.6736,-81.1246,6.1121,-41.6736,91.4071,-1.3147,-25.9441,17.6912,-1.3147,31.4293
14.472001,57.2127,16.1084,-36.6606,57.2127,69.8339,-0.2847,-25.6541,17.0312,-0.2847,30.7941
14.49,237.791,191.1217,-37.7799,237.791,307.4075,3.9953,-22.2141,16.3512,3.9953,27.871
14.508001,-134.437,197.7668,12.2215,-134.437,239.446,1.5753,-18.6541,16.5712,1.5753,25.0012
14.526001,-44.4444,257.2222,-11.1111,-44.4444,261.27,0.7753,-14.0241,16.3712,0.7753,21.5706
14.544,-93.8941,291.6829,5.5559,-93.8941,306.4733,-0.9147,-8.7741,16.4712,-0.9147,18.6848
14.562001,-481.0844,303.3165,117.7712,-481.0844,580.7867,-9.5747,-3.3141,18.5912,-9.5747,21.1729
14.580001,172.2222,118.8889,-26.1111,172.2222,210.8954,-6.4747,-1.1741,18.1212,-6.4747,19.2789
14.598002,98.8834,-19.9989,18.8878,98.8834,102.6384,-4.6947,-1.5341,18.4612,-4.6947,19.1104
14.616001,-19.4455,0.5556,-17.2232,-19.4455,25.9822,-5.0447,-1.5241,18.1512,-5.0447,18.9007
14.634001,-13.3333,26.6667,5.0,-13.3333,30.2306,-5.2847,-1.0441,18.2412,-5.2847,19.02
14.651998,8.3347,-8.3347,-1.1113,8.3347,11.8393,-5.1347,-1.1941,18.2212,-5.1347,18.9685
14.669998,21.1111,-3.3333,-0.5556,21.1111,21.3799,-4.7547,-1.2541,18.2112,-4.7547,18.8634
14.688001,-7.7765,7.7765,1.1109,-7.7765,11.0536,-4.8947,-1.1141,18.2312,-4.8947,18.9097
14.706001,-2.2222,3.8889,0.0,-2.2222,4.479,-4.9347,-1.0441,18.2312,-4.9347,18.9161
14.724002,19.9989,-3.3331,0.5555,19.9989,20.2824,-4.5747,-1.1041,18.2412,-4.5747,18.8385
14.742,-2.7781,2.2225,-0.5556,-2.7781,3.6008,-4.6247,-1.0641,18.2312,-4.6247,18.8387
14.760001,3.3331,0.5555,0.0,3.3331,3.3791,-4.5647,-1.0541,18.2312,-4.5647,18.8235
14.777999,11.1123,0.0,0.5556,11.1123,11.1262,-4.3647,-1.0541,18.2412,-4.3647,18.7857
14.796001,-0.5555,2.7775,-0.5555,-0.5555,2.8864,-4.3747,-1.0041,18.2312,-4.3747,18.7756
14.814001,6.6667,0.5556,0.5556,6.6667,6.7128,-4.2547,-0.9941,18.2412,-4.2547,18.7572
14.831002,7.6466,-0.5882,0.0,7.6466,7.6692,-4.1247,-1.0041,18.2412,-4.1247,18.7286
14.848,2.9415,0.5883,0.5883,2.9415,3.0569,-4.0747,-0.9941,18.2512,-4.0747,18.7269
14.866,5.5556,0.5556,0.0,5.5556,5.5833,-3.9747,-0.9841,18.2512,-3.9747,18.7049
14.884001,5.5552,1.111,0.0,5.5552,5.6653,-3.8747,-0.9641,18.2512,-3.8747,18.6828
14.902,3.8891,0.5556,0.0,3.8891,3.9286,-3.8047,-0.9541,18.2512,-3.8047,18.6679
14.919998,5.0006,0.5556,0.0,5.0006,5.0313,-3.7147,-0.9441,18.2512,-3.7147,18.6493
14.938002,4.4435,-0.5554,0.0,4.4435,4.478,-3.6347,-0.9541,18.2512,-3.6347,18.634
14.954997,4.1189,1.1768,0.0,4.1189,4.2837,-3.5647,-0.9341,18.2512,-3.5647,18.6195
14.973001,3.3326,0.5554,0.5554,3.3326,3.4239,-3.5047,-0.9241,18.2612,-3.5047,18.6174
14.990998,4.4452,0.0,0.0,4.4452,4.4452,-3.4247,-0.9241,18.2612,-3.4247,18.6025
15.009001,4.4437,0.0,0.0,4.4437,4.4437,-3.3447,-0.9241,18.2612,-3.3447,18.5879
15.027001,3.8889,0.5556,0.5556,3.8889,3.9675,-3.2747,-0.9141,18.2712,-3.2747,18.5848
15.045,3.3335,0.5556,0.0,3.3335,3.3795,-3.2147,-0.9041,18.2712,-3.2147,18.5738
15.062,4.7059,0.5882,0.0,4.7059,4.7425,-3.1347,-0.8941,18.2712,-3.1347,18.5597
15.079001,3.5292,0.5882,0.0,3.5292,3.5779,-3.0747,-0.8841,18.2712,-3.0747,18.5492
15.096,4.1179,-0.0,0.0,4.1179,4.1179,-3.0047,-0.8841,18.2712,-3.0047,18.5377
15.114,3.8889,0.5556,0.5556,3.8889,3.9675,-2.9347,-0.8741,18.2812,-2.9347,18.5359
15.132001,2.7776,0.5555,0.0,2.7776,2.8326,-2.8847,-0.8641,18.2812,-2.8847,18.5275
15.150001,3.8889,0.5556,0.0,3.8889,3.9284,-2.8147,-0.8541,18.2812,-2.8147,18.5163
15.168,2.7779,0.5556,0.0,2.7779,2.8329,-2.7647,-0.8441,18.2812,-2.7647,18.5083
15.185001,3.5292,0.0,0.0,3.5292,3.5292,-2.7047,-0.8441,18.2812,-2.7047,18.4994
15.202,4.1179,0.5883,0.0,4.1179,4.1597,-2.6347,-0.8341,18.2812,-2.6347,18.4889
15.219001,3.5292,0.0,0.0,3.5292,3.5292,-2.5747,-0.8341,18.2812,-2.5747,18.4804
15.236001,4.1176,1.1765,0.0,4.1176,4.2824,-2.5047,-0.8141,18.2812,-2.5047,18.4699
15.254001,3.3333,0.0,0.0,3.3333,3.3333,-2.4447,-0.8141,18.2812,-2.4447,18.4619
15.271001,3.5294,0.5882,0.0,3.5294,3.5781,-2.3847,-0.8041,18.2812,-2.3847,18.4536
15.288,2.9413,0.0,0.0,2.9413,2.9413,-2.3347,-0.8041,18.2812,-2.3347,18.4472
15.306,3.3333,0.0,0.0,3.3333,3.3333,-2.2747,-0.8041,18.2812,-2.2747,18.4397
15.323001,2.941,0.0,0.0,2.941,2.941,-2.2247,-0.8041,18.2812,-2.2247,18.4336
15.341001,2.7778,1.1111,0.0,2.7778,2.9918,-2.1747,-0.7841,18.2812,-2.1747,18.4268
15.359001,3.3333,0.0,0.0,3.3333,3.3333,-2.1147,-0.7841,18.2812,-2.1147,18.4198
15.377,3.3335,-0.0,0.0,3.3335,3.3335,-2.0547,-0.7841,18.2812,-2.0547,18.413
15.395001,1.6666,0.0,0.5555,1.6666,1.7567,-2.0247,-0.7841,18.2912,-2.0247,18.4196
15.412998,2.7782,1.1113,0.0,2.7782,2.9923,-1.9747,-0.7641,18.2912,-1.9747,18.4133
15.431,2.222,0.0,0.5555,2.222,2.2904,-1.9347,-0.7641,18.3012,-1.9347,18.419
15.448998,2.7781,0.0,0.0,2.7781,2.7781,-1.8847,-0.7641,18.3012,-1.8847,18.4138
15.466001,1.7644,0.0,0.0,1.7644,1.7644,-1.8547,-0.7641,18.3012,-1.8547,18.4108
15.483001,2.3529,0.0,0.0,2.3529,2.3529,-1.8147,-0.7641,18.3012,-1.8147,18.4068
15.500998,2.7782,0.0,0.0,2.7782,2.7782,-1.7647,-0.7641,18.3012,-1.7647,18.4019
15.519001,2.2219,1.1109,0.0,2.2219,2.4841,-1.7247,-0.7441,18.3012,-1.7247,18.3973
15.537001,2.2222,-0.5556,0.0,2.2222,2.2906,-1.6847,-0.7541,18.3012,-1.6847,18.394
15.554999,1.6669,0.0,0.5556,1.6669,1.757,-1.6547,-0.7541,18.3112,-1.6547,18.4012
15.573001,2.7775,0.0,0.0,2.7775,2.7775,-1.6047,-0.7541,18.3112,-1.6047,18.3968
15.590001,2.3529,0.5882,0.0,2.3529,2.4254,-1.5647,-0.7441,18.3112,-1.5647,18.393
15.607001,2.3529,0.5882,0.0,2.3529,2.4254,-1.5247,-0.7341,18.3112,-1.5247,18.3892
15.624998,2.7782,0.0,0.0,2.7782,2.7782,-1.4747,-0.7341,18.3112,-1.4747,18.3851
15.643001,1.6664,0.5555,0.5555,1.6664,1.8423,-1.4447,-0.7241,18.3212,-1.4447,18.3923
15.661001,1.6667,0.0,0.0,1.6667,1.6667,-1.4147,-0.7241,18.3212,-1.4147,18.39
15.678997,1.667,0.0,0.0,1.667,1.667,-1.3847,-0.7241,18.3212,-1.3847,18.3877
15.697001,1.6663,0.5554,0.5554,1.6663,1.8422,-1.3547,-0.7141,18.3312,-1.3547,18.395
15.715,1.6668,0.0,0.0,1.6668,1.6668,-1.3247,-0.7141,18.3312,-1.3247,18.3928
15.733001,1.111,-0.5555,0.0,1.111,1.2422,-1.3047,-0.7241,18.3312,-1.3047,18.3918
15.751002,2.2221,0.5555,0.0,2.2221,2.2905,-1.2647,-0.7141,18.3312,-1.2647,18.3886
15.769001,2.2223,0.0,-0.5556,2.2223,2.2907,-1.2247,-0.7141,18.3212,-1.2247,18.3759
15.786001,1.1765,0.0,0.0,1.1765,1.1765,-1.2047,-0.7141,18.3212,-1.2047,18.3746
15.803998,1.6669,0.0,0.0,1.6669,1.6669,-1.1747,-0.7141,18.3212,-1.1747,18.3727
15.822,2.222,0.5555,0.5555,2.222,2.3568,-1.1347,-0.7041,18.3312,-1.1347,18.3798
15.839998,1.1112,0.0,0.0,1.1112,1.1112,-1.1147,-0.7041,18.3312,-1.1147,18.3785
15.858001,1.1109,0.0,0.0,1.1109,1.1109,-1.0947,-0.7041,18.3312,-1.0947,18.3773
15.876001,2.7778,0.0,0.5556,2.7778,2.8328,-1.0447,-0.7041,18.3412,-1.0447,18.3844
15.894001,1.6667,0.0,0.0,1.6667,1.6667,-1.0147,-0.7041,18.3412,-1.0147,18.3827
15.912001,1.1111,0.0,0.0,1.1111,1.1111,-0.9947,-0.7041,18.3412,-0.9947,18.3816
15.930001,1.1111,0.5556,0.0,1.1111,1.2423,-0.9747,-0.6941,18.3412,-0.9747,18.3802
15.948001,1.6667,-0.5556,0.0,1.6667,1.7568,-0.9447,-0.7041,18.3412,-0.9447,18.379
15.966,1.1112,0.0,0.0,1.1112,1.1112,-0.9247,-0.7041,18.3412,-0.9247,18.378
15.983999,1.1112,0.5556,0.0,1.1112,1.2423,-0.9047,-0.6941,18.3412,-0.9047,18.3766
16.001,1.7646,0.0,0.5882,1.7646,1.8601,-0.8747,-0.6941,18.3512,-0.8747,18.3851
16.018,1.7647,0.5882,0.0,1.7647,1.8602,-0.8447,-0.6841,18.3512,-0.8447,18.3833
16.035001,1.1764,0.0,-0.5882,1.1764,1.3153,-0.8247,-0.6841,18.3412,-0.8247,18.3724
16.052,1.1765,-0.5883,-0.5883,1.1765,1.441,-0.8047,-0.6941,18.3312,-0.8047,18.362
16.070001,1.6666,0.0,1.111,1.6666,2.003,-0.7747,-0.6941,18.3512,-0.7747,18.3806
16.087997,1.1114,1.1114,0.0,1.1114,1.5717,-0.7547,-0.6741,18.3512,-0.7547,18.3791
16.106001,1.1109,0.0,0.0,1.1109,1.1109,-0.7347,-0.6741,18.3512,-0.7347,18.3782
16.122997,1.1767,0.5884,0.5884,1.1767,1.4412,-0.7147,-0.6641,18.3612,-0.7147,18.3871
16.140001,1.1762,0.0,0.0,1.1762,1.1762,-0.6947,-0.6641,18.3612,-0.6947,18.3863
16.157001,1.1765,0.0,0.0,1.1765,1.1765,-0.6747,-0.6641,18.3612,-0.6747,18.3856
16.173998,0.5883,0.0,0.0,0.5883,0.5883,-0.6647,-0.6641,18.3612,-0.6647,18.3852
16.191998,1.1111,0.0,0.0,1.1111,1.1111,-0.6447,-0.6641,18.3612,-0.6447,18.3845
16.210001,0.5555,0.0,0.0,0.5555,0.5555,-0.6347,-0.6641,18.3612,-0.6347,18.3841
16.228002,1.111,0.5555,0.0,1.111,1.2422,-0.6147,-0.6541,18.3612,-0.6147,18.3831
16.245001,0.5883,-0.5883,0.0,0.5883,0.8319,-0.6047,-0.6641,18.3612,-0.6047,18.3831
16.262001,1.1765,0.0,0.0,1.1765,1.1765,-0.5847,-0.6641,18.3612,-0.5847,18.3825
16.279,1.1765,0.0,0.0,1.1765,1.1765,-0.5647,-0.6641,18.3612,-0.5647,18.3819
16.295997,1.1767,0.0,0.0,1.1767,1.1767,-0.5447,-0.6641,18.3612,-0.5447,18.3813
16.314001,1.1109,0.5554,0.0,1.1109,1.242,-0.5247,-0.6541,18.3612,-0.5247,18.3803
16.331998,0.5556,0.0,0.0,0.5556,0.5556,-0.5147,-0.6541,18.3612,-0.5147,18.38
16.350001,1.1109,0.0,0.0,1.1109,1.1109,-0.4947,-0.6541,18.3612,-0.4947,18.3795
16.367001,0.5882,0.0,0.0,0.5882,0.5882,-0.4847,-0.6541,18.3612,-0.4847,18.3792
16.384001,0.5882,0.5882,0.0,0.5882,0.8319,-0.4747,-0.6441,18.3612,-0.4747,18.3786
16.401,1.1765,-0.5883,0.5883,1.1765,1.441,-0.4547,-0.6541,18.3712,-0.4547,18.3884
16.418001,0.5882,0.5882,0.0,0.5882,0.8318,-0.4447,-0.6441,18.3712,-0.4447,18.3878
16.436001,1.1111,0.0,-0.5556,1.1111,1.2423,-0.4247,-0.6441,18.3612,-0.4247,18.3774
16.454001,0.5556,-0.5556,0.0,0.5556,0.7857,-0.4147,-0.6541,18.3612,-0.4147,18.3775
16.471001,1.1765,0.5882,0.5882,1.1765,1.4409,-0.3947,-0.6441,18.3712,-0.3947,18.3867
16.488001,0.5882,0.0,0.0,0.5882,0.5882,-0.3847,-0.6441,18.3712,-0.3847,18.3865
16.504997,0.5884,0.0,0.0,0.5884,0.5884,-0.3747,-0.6441,18.3712,-0.3747,18.3863
16.522997,1.6667,0.5556,0.0,1.6667,1.7568,-0.3447,-0.6341,18.3712,-0.3447,18.3853
16.541,0.0,0.0,0.0,0.0,0.0,-0.3447,-0.6341,18.3712,-0.3447,18.3853
16.559,0.0,0.0,0.5556,0.0,0.5556,-0.3447,-0.6341,18.3812,-0.3447,18.3953
16.576998,1.1112,-0.5556,0.0,1.1112,1.2424,-0.3247,-0.6441,18.3812,-0.3247,18.3953
16.595,0.5555,0.5555,0.5555,0.5555,0.9621,-0.3147,-0.6341,18.3912,-0.3147,18.4048
16.612001,0.0,-0.5882,0.0,0.0,0.5882,-0.3147,-0.6441,18.3912,-0.3147,18.4051
16.630001,1.1111,0.5556,0.0,1.1111,1.2423,-0.2947,-0.6341,18.3912,-0.2947,18.4045
16.648001,1.1111,0.0,-0.5556,1.1111,1.2423,-0.2747,-0.6341,18.3812,-0.2747,18.3942
16.664997,0.0,0.0,0.0,0.0,0.0,-0.2747,-0.6341,18.3812,-0.2747,18.3942
16.682001,1.1762,-1.1762,-0.5881,1.1762,1.7643,-0.2547,-0.6541,18.3712,-0.2547,18.3846
