time_s,rel_rate_x,rel_rate_y,rel_rate_z,rel_rate_dominant,rel_rate_magnitude,rel_angle_x,rel_angle_y,rel_angle_z,rel_angle_dominant,rel_angle_magnitude,accel_magnitude_tibia
0.0,0.0,0.5862,0.0,0.0,0.5862,0.015,-0.0328,-0.0122,-0.0122,0.0381,0.3059
0.017059,0.0,0.5862,0.0,0.0,0.5862,0.015,-0.0228,-0.0122,-0.0122,0.0299,0.3059
0.034,0.0,0.0,0.5903,0.5903,0.5903,0.015,-0.0228,-0.0022,-0.0022,0.0274,0.3059
0.051003,-0.5881,0.5881,-0.5881,-0.5881,1.0187,0.005,-0.0128,-0.0122,-0.0122,0.0184,0.3059
0.068002,0.0,0.0,0.5883,0.5883,0.5883,0.005,-0.0128,-0.0022,-0.0022,0.0139,0.3059
0.085,0.0,0.0,0.0,0.0,0.0,0.005,-0.0128,-0.0022,-0.0022,0.0139,0.3059
0.102002,0.0,0.5882,0.0,0.0,0.5882,0.005,-0.0028,-0.0022,-0.0022,0.0061,0.3059
0.119,0.0,0.0,0.0,0.0,0.0,0.005,-0.0028,-0.0022,-0.0022,0.0061,0.3059
0.136002,0.0,-0.0,0.0,0.0,0.0,0.005,-0.0028,-0.0022,-0.0022,0.0061,0.3059
0.153001,-0.5883,0.0,-0.0,-0.0,0.5883,-0.005,-0.0028,-0.0022,-0.0022,0.0061,0.3059
0.170061,0.0,0.5862,0.0,0.0,0.5862,-0.005,0.0072,-0.0022,-0.0022,0.0091,0.3059
0.187002,0.0,0.0,0.5903,0.5903,0.5903,-0.005,0.0072,0.0078,0.0078,0.0117,0.3059
0.204001,0.0,0.5883,0.0,0.0,0.5883,-0.005,0.0172,0.0078,0.0078,0.0195,0.3059
0.221004,0.0,-0.5881,0.0,0.0,0.5881,-0.005,0.0072,0.0078,0.0078,0.0117,0.3059
0.238004,0.0,0.5882,0.0,0.0,0.5882,-0.005,0.0172,0.0078,0.0078,0.0195,0.3059
0.255002,-0.5883,0.0,0.0,0.0,0.5883,-0.015,0.0172,0.0078,0.0078,0.0241,0.3059
0.272001,0.0,0.5883,-0.0,-0.0,0.5883,-0.015,0.0272,0.0078,0.0078,0.032,0.3059
0.289004,0.0,0.0,0.0,0.0,0.0,-0.015,0.0272,0.0078,0.0078,0.032,0.3059
0.306001,0.0,0.0,0.5883,0.5883,0.5883,-0.015,0.0272,0.0178,0.0178,0.0358,0.3059
0.323001,0.0,0.0,-0.5882,-0.5882,0.5882,-0.015,0.0272,0.0078,0.0078,0.032,0.3059
0.340003,0.0,0.5882,0.5882,0.5882,0.8318,-0.015,0.0372,0.0178,0.0178,0.0439,0.3059
0.357002,0.0,0.0,0.0,0.0,0.0,-0.015,0.0372,0.0178,0.0178,0.0439,0.3059
0.374002,0.0,0.0,-0.5882,-0.5882,0.5882,-0.015,0.0372,0.0078,0.0078,0.0409,0.3059
0.391003,-0.5882,0.5882,0.5882,0.5882,1.0188,-0.025,0.0472,0.0178,0.0178,0.0563,0.3059
0.408074,0.0,-0.5858,0.0,0.0,0.5858,-0.025,0.0372,0.0178,0.0178,0.0482,0.3059
0.425003,0.0,0.5907,-0.0,-0.0,0.5907,-0.025,0.0472,0.0178,0.0178,0.0563,0.3059
0.442002,0.0,0.0,0.0,0.0,0.0,-0.025,0.0472,0.0178,0.0178,0.0563,0.3059
0.459001,0.0,0.0,0.5883,0.5883,0.5883,-0.025,0.0472,0.0278,0.0278,0.0602,0.3059
0.476002,0.0,0.5882,-0.5882,-0.5882,0.8318,-0.025,0.0572,0.0178,0.0178,0.0649,0.3059
0.493002,0.0,0.0,0.0,0.0,0.0,-0.025,0.0572,0.0178,0.0178,0.0649,0.3059
0.510001,0.0,-0.5883,0.5883,0.5883,0.8319,-0.025,0.0472,0.0278,0.0278,0.0602,0.3059
0.527059,-0.5862,0.5862,-0.5862,-0.5862,1.0154,-0.035,0.0572,0.0178,0.0178,0.0694,0.3059
0.544,0.0,0.0,0.5903,0.5903,0.5903,-0.035,0.0572,0.0278,0.0278,0.0726,0.3059
0.561003,0.0,0.0,0.0,0.0,0.0,-0.035,0.0572,0.0278,0.0278,0.0726,0.3059
0.578004,0.0,0.5882,0.5882,0.5882,0.8318,-0.035,0.0672,0.0378,0.0378,0.0847,0.3059
0.595003,0.0,0.0,-0.5883,-0.5883,0.5883,-0.035,0.0672,0.0278,0.0278,0.0807,0.3059
0.612003,0.0,0.0,0.0,0.0,0.0,-0.035,0.0672,0.0278,0.0278,0.0807,0.3059
0.629,0.0,0.5883,0.5883,0.5883,0.832,-0.035,0.0772,0.0378,0.0378,0.0928,0.3059
0.646003,0.0,-0.5881,-0.5881,-0.5881,0.8317,-0.035,0.0672,0.0278,0.0278,0.0807,0.3059
0.663002,0.0,0.0,0.5883,0.5883,0.5883,-0.035,0.0672,0.0378,0.0378,0.0847,0.3059
0.680005,0.0,0.5881,0.0,0.0,0.5881,-0.035,0.0772,0.0378,0.0378,0.0928,0.3059
0.697002,-0.5883,0.0,-0.0,-0.0,0.5883,-0.045,0.0772,0.0378,0.0378,0.097,0.3059
0.714002,0.0,0.0,0.0,0.0,0.0,-0.045,0.0772,0.0378,0.0378,0.097,0.3059
0.731,0.0,0.0,0.0,0.0,0.0,-0.045,0.0772,0.0378,0.0378,0.097,0.3059
0.748003,0.0,0.5881,0.0,0.0,0.5881,-0.045,0.0872,0.0378,0.0378,0.1052,0.3059
0.765004,0.0,0.0,0.0,0.0,0.0,-0.045,0.0872,0.0378,0.0378,0.1052,0.3059
0.782001,0.0,0.0,0.5883,0.5883,0.5883,-0.045,0.0872,0.0478,0.0478,0.1092,0.3059
0.799004,0.0,-0.5881,-0.5881,-0.5881,0.8317,-0.045,0.0772,0.0378,0.0378,0.097,0.3059
0.816004,0.0,0.5882,0.5882,0.5882,0.8319,-0.045,0.0872,0.0478,0.0478,0.1092,0.3059
0.833001,0.0,0.0,0.0,0.0,0.0,-0.045,0.0872,0.0478,0.0478,0.1092,0.3059
0.85,0.0,0.0,-0.5883,-0.5883,0.5883,-0.045,0.0872,0.0378,0.0378,0.1052,0.3059
0.867004,0.5881,0.0,0.5881,0.5881,0.8317,-0.035,0.0872,0.0478,0.0478,0.1054,0.3059
0.884003,0.0,0.5883,0.0,0.0,0.5883,-0.035,0.0972,0.0478,0.0478,0.1138,0.3059
0.901001,0.0,0.0,-0.0,-0.0,0.0,-0.035,0.0972,0.0478,0.0478,0.1138,0.3059
0.918004,-0.5881,0.0,0.0,0.0,0.5881,-0.045,0.0972,0.0478,0.0478,0.1173,0.3059
0.935004,0.0,0.0,0.5882,0.5882,0.5882,-0.045,0.0972,0.0578,0.0578,0.1217,0.3059
0.952001,0.0,0.0,-0.5883,-0.5883,0.5883,-0.045,0.0972,0.0478,0.0478,0.1173,0.3059
0.969001,0.0,0.5882,0.0,0.0,0.5882,-0.045,0.1072,0.0478,0.0478,0.1257,0.3059
0.986001,0.0,-0.5882,0.5882,0.5882,0.8319,-0.045,0.0972,0.0578,0.0578,0.1217,0.3059
1.003002,0.0,0.0,0.0,0.0,0.0,-0.045,0.0972,0.0578,0.0578,0.1217,0.3059
1.020003,0.0,0.0,0.0,0.0,0.0,-0.045,0.0972,0.0578,0.0578,0.1217,0.3059
1.03706,0.0,0.0,0.0,0.0,0.0,-0.045,0.0972,0.0578,0.0578,0.1217,0.3059
1.054003,0.0,0.5902,0.5902,0.5902,0.8347,-0.045,0.1072,0.0678,0.0678,0.1346,0.3059
1.071002,0.0,0.0,-0.5883,-0.5883,0.5883,-0.045,0.1072,0.0578,0.0578,0.1298,0.3059
1.088001,0.0,0.0,0.0,0.0,0.0,-0.045,0.1072,0.0578,0.0578,0.1298,0.3059
1.105002,0.0,0.0,0.5882,0.5882,0.5882,-0.045,0.1072,0.0678,0.0678,0.1346,0.3059
1.122,0.0,0.0,-0.5883,-0.5883,0.5883,-0.045,0.1072,0.0578,0.0578,0.1298,0.3059
1.139001,0.0,0.0,0.5882,0.5882,0.5882,-0.045,0.1072,0.0678,0.0678,0.1346,0.3059
1.156001,0.0,0.5882,0.0,0.0,0.5882,-0.045,0.1172,0.0678,0.0678,0.1427,0.3059
1.173003,0.0,0.0,0.0,0.0,0.0,-0.045,0.1172,0.0678,0.0678,0.1427,0.3059
1.190002,0.0,0.0,0.0,0.0,0.0,-0.045,0.1172,0.0678,0.0678,0.1427,0.3059
1.207004,0.0,0.0,0.0,0.0,0.0,-0.045,0.1172,0.0678,0.0678,0.1427,0.3059
1.224001,-0.5883,-0.5883,0.0,0.0,0.832,-0.055,0.1072,0.0678,0.0678,0.1383,0.3059
1.241,0.0,0.0,0.0,0.0,0.0,-0.055,0.1072,0.0678,0.0678,0.1383,0.3059
1.258001,0.0,0.5882,0.5882,0.5882,0.8318,-0.055,0.1172,0.0778,0.0778,0.151,0.3059
1.275001,0.0,0.0,-0.5882,-0.5882,0.5882,-0.055,0.1172,0.0678,0.0678,0.1462,0.3059
1.292003,0.0,0.0,0.5882,0.5882,0.5882,-0.055,0.1172,0.0778,0.0778,0.151,0.3059
1.309002,0.0,0.0,0.0,0.0,0.0,-0.055,0.1172,0.0778,0.0778,0.151,0.3059
1.326002,0.0,0.0,-0.5882,-0.5882,0.5882,-0.055,0.1172,0.0678,0.0678,0.1462,0.3059
1.343061,0.0,0.0,0.5862,0.5862,0.5862,-0.055,0.1172,0.0778,0.0778,0.151,0.3059
1.360002,0.0,0.0,0.0,0.0,0.0,-0.055,0.1172,0.0778,0.0778,0.151,0.3059
1.377003,0.0,0.0,0.0,0.0,0.0,-0.055,0.1172,0.0778,0.0778,0.151,0.3059
1.394002,0.0,0.5883,0.0,0.0,0.5883,-0.055,0.1272,0.0778,0.0778,0.1589,0.3059
1.411001,0.0,0.0,0.5883,0.5883,0.5883,-0.055,0.1272,0.0878,0.0878,0.1641,0.3059
1.428081,0.0,0.0,0.0,0.0,0.0,-0.055,0.1272,0.0878,0.0878,0.1641,0.3059
1.445001,0.0,0.0,-0.591,-0.591,0.591,-0.055,0.1272,0.0778,0.0778,0.1589,0.3059
1.46206,0.0,0.0,0.5862,0.5862,0.5862,-0.055,0.1272,0.0878,0.0878,0.1641,0.3059
1.479004,0.0,0.0,0.0,0.0,0.0,-0.055,0.1272,0.0878,0.0878,0.1641,0.3059
1.496003,0.0,0.0,0.0,0.0,0.0,-0.055,0.1272,0.0878,0.0878,0.1641,0.3059
1.513001,0.0,0.0,0.0,0.0,0.0,-0.055,0.1272,0.0878,0.0878,0.1641,0.3059
1.530004,0.0,0.0,0.5881,0.5881,0.5881,-0.055,0.1272,0.0978,0.0978,0.1696,0.3059
1.547112,0.0,0.0,-0.5845,-0.5845,0.5845,-0.055,0.1272,0.0878,0.0878,0.1641,0.3059
1.564002,0.0,0.0,0.0,0.0,0.0,-0.055,0.1272,0.0878,0.0878,0.1641,0.3059
1.581003,0.0,0.0,0.5882,0.5882,0.5882,-0.055,0.1272,0.0978,0.0978,0.1696,0.3059
1.598001,0.0,0.0,-0.5883,-0.5883,0.5883,-0.055,0.1272,0.0878,0.0878,0.1641,0.3059
1.615002,0.0,0.0,0.5882,0.5882,0.5882,-0.055,0.1272,0.0978,0.0978,0.1696,0.3059
1.632003,0.0,0.0,0.0,0.0,0.0,-0.055,0.1272,0.0978,0.0978,0.1696,0.3059
1.649,0.0,0.0,0.0,0.0,0.0,-0.055,0.1272,0.0978,0.0978,0.1696,0.3059
1.666002,0.0,0.0,0.0,0.0,0.0,-0.055,0.1272,0.0978,0.0978,0.1696,0.3059
1.683004,0.0,0.0,0.0,0.0,0.0,-0.055,0.1272,0.0978,0.0978,0.1696,0.3059
1.700061,-0.5863,0.0,-0.0,-0.0,0.5863,-0.065,0.1272,0.0978,0.0978,0.1731,0.3059
1.717003,0.0,0.0,0.0,0.0,0.0,-0.065,0.1272,0.0978,0.0978,0.1731,0.3059
1.734001,0.0,0.5883,0.5883,0.5883,0.832,-0.065,0.1372,0.1078,0.1078,0.1862,0.3059
1.751003,0.0,0.0,-0.5882,-0.5882,0.5882,-0.065,0.1372,0.0978,0.0978,0.1806,0.3059
1.768001,0.0,0.0,0.5883,0.5883,0.5883,-0.065,0.1372,0.1078,0.1078,0.1862,0.3059
1.785004,0.0,0.0,0.0,0.0,0.0,-0.065,0.1372,0.1078,0.1078,0.1862,0.3059
1.802004,0.0,0.0,-0.5882,-0.5882,0.5882,-0.065,0.1372,0.0978,0.0978,0.1806,0.3059
1.819003,0.0,0.0,0.5883,0.5883,0.5883,-0.065,0.1372,0.1078,0.1078,0.1862,0.3059
1.836001,0.0,0.0,0.0,0.0,0.0,-0.065,0.1372,0.1078,0.1078,0.1862,0.3059
1.853003,0.0,0.0,0.5882,0.5882,0.5882,-0.065,0.1372,0.1178,0.1178,0.1922,0.3059
1.870002,0.0,0.0,-0.5883,-0.5883,0.5883,-0.065,0.1372,0.1078,0.1078,0.1862,0.3059
1.887002,0.0,0.0,0.5882,0.5882,0.5882,-0.065,0.1372,0.1178,0.1178,0.1922,0.3059
1.904004,0.0,0.0,0.0,0.0,0.0,-0.065,0.1372,0.1178,0.1178,0.1922,0.3059
1.921,0.0,0.0,-0.5884,-0.5884,0.5884,-0.065,0.1372,0.1078,0.1078,0.1862,0.3059
1.938105,0.0,0.0,0.5846,0.5846,0.5846,-0.065,0.1372,0.1178,0.1178,0.1922,0.3059
1.955002,0.0,0.0,0.0,0.0,0.0,-0.065,0.1372,0.1178,0.1178,0.1922,0.3059
1.972004,0.0,0.5882,-0.0,-0.0,0.5882,-0.065,0.1472,0.1178,0.1178,0.1994,0.3059
1.989,0.0,0.0,0.0,0.0,0.0,-0.065,0.1472,0.1178,0.1178,0.1994,0.3059
2.006004,0.0,0.0,0.5881,0.5881,0.5881,-0.065,0.1472,0.1278,0.1278,0.2055,0.3059
2.023002,0.0,0.0,-0.5883,-0.5883,0.5883,-0.065,0.1472,0.1178,0.1178,0.1994,0.3059
2.040003,0.0,0.0,0.0,0.0,0.0,-0.065,0.1472,0.1178,0.1178,0.1994,0.3059
2.057052,0.0,0.0,0.5865,0.5865,0.5865,-0.065,0.1472,0.1278,0.1278,0.2055,0.3059
2.074001,0.0,0.0,-0.59,-0.59,0.59,-0.065,0.1472,0.1178,0.1178,0.1994,0.3059
2.091054,0.0,-0.5864,0.5864,0.5864,0.8293,-0.065,0.1372,0.1278,0.1278,0.1984,0.3059
2.108001,0.0,0.0,0.0,0.0,0.0,-0.065,0.1372,0.1278,0.1278,0.1984,0.3059
2.125002,0.0,0.0,-0.0,-0.0,0.0,-0.065,0.1372,0.1278,0.1278,0.1984,0.3059
2.142004,0.0,0.0,0.0,0.0,0.0,-0.065,0.1372,0.1278,0.1278,0.1984,0.3059
2.159003,0.0,0.0,0.0,0.0,0.0,-0.065,0.1372,0.1278,0.1278,0.1984,0.3059
2.176001,0.0,0.0,0.0,0.0,0.0,-0.065,0.1372,0.1278,0.1278,0.1984,0.3059
2.193003,0.0,0.0,0.0,0.0,0.0,-0.065,0.1372,0.1278,0.1278,0.1984,0.3059
2.210052,0.0,0.0,0.5865,0.5865,0.5865,-0.065,0.1372,0.1378,0.1378,0.205,0.3059
2.227002,0.0,0.0,0.0,0.0,0.0,-0.065,0.1372,0.1378,0.1378,0.205,0.3059
2.244001,0.0,0.0,-0.0,-0.0,0.0,-0.065,0.1372,0.1378,0.1378,0.205,0.3059
2.261004,0.0,0.0,0.0,0.0,0.0,-0.065,0.1372,0.1378,0.1378,0.205,0.3059
2.278003,0.0,0.0,0.0,0.0,0.0,-0.065,0.1372,0.1378,0.1378,0.205,0.3059
2.295001,0.0,0.5883,0.0,0.0,0.5883,-0.065,0.1472,0.1378,0.1378,0.2119,0.3059
2.312005,0.0,0.0,0.0,0.0,0.0,-0.065,0.1472,0.1378,0.1378,0.2119,0.3059
2.329003,0.0,0.0,0.5883,0.5883,0.5883,-0.065,0.1472,0.1478,0.1478,0.2185,0.3059
2.346004,0.0,0.0,-0.5882,-0.5882,0.5882,-0.065,0.1472,0.1378,0.1378,0.2119,0.3059
2.363003,0.0,0.0,0.5883,0.5883,0.5883,-0.065,0.1472,0.1478,0.1478,0.2185,0.3059
2.380001,0.0,0.0,0.0,0.0,0.0,-0.065,0.1472,0.1478,0.1478,0.2185,0.3059
2.397,0.0,0.0,-0.5883,-0.5883,0.5883,-0.065,0.1472,0.1378,0.1378,0.2119,0.3059
2.414002,0.0,0.0,0.5882,0.5882,0.5882,-0.065,0.1472,0.1478,0.1478,0.2185,0.3059
2.431002,0.0,0.0,0.0,0.0,0.0,-0.065,0.1472,0.1478,0.1478,0.2185,0.3059
2.448054,0.0,0.0,0.0,0.0,0.0,-0.065,0.1472,0.1478,0.1478,0.2185,0.3059
2.465001,0.0,0.0,0.0,0.0,0.0,-0.065,0.1472,0.1478,0.1478,0.2185,0.3059
2.482001,0.0,0.0,0.5882,0.5882,0.5882,-0.065,0.1472,0.1578,0.1578,0.2254,0.3059
2.499,0.0,0.0,-0.5883,-0.5883,0.5883,-0.065,0.1472,0.1478,0.1478,0.2185,0.3059
2.516004,0.0,0.0,0.0,0.0,0.0,-0.065,0.1472,0.1478,0.1478,0.2185,0.3059
2.533001,0.0,0.0,0.5883,0.5883,0.5883,-0.065,0.1472,0.1578,0.1578,0.2254,0.3059
2.550003,0.0,0.0,-0.5882,-0.5882,0.5882,-0.065,0.1472,0.1478,0.1478,0.2185,0.3059
2.567051,0.0,0.0,0.5866,0.5866,0.5866,-0.065,0.1472,0.1578,0.1578,0.2254,0.3059
2.584001,0.0,0.0,0.0,0.0,0.0,-0.065,0.1472,0.1578,0.1578,0.2254,0.3059
2.601052,0.0,0.0,-0.0,-0.0,0.0,-0.065,0.1472,0.1578,0.1578,0.2254,0.3059
2.618003,0.0,0.0,0.0,0.0,0.0,-0.065,0.1472,0.1578,0.1578,0.2254,0.3059
2.635002,0.0,0.0,0.0,0.0,0.0,-0.065,0.1472,0.1578,0.1578,0.2254,0.3059
2.652,0.0,0.0,0.5883,0.5883,0.5883,-0.065,0.1472,0.1678,0.1678,0.2325,0.3059
2.669003,0.0,0.0,-0.5881,-0.5881,0.5881,-0.065,0.1472,0.1578,0.1578,0.2254,0.3059
2.686002,0.0,0.0,0.5883,0.5883,0.5883,-0.065,0.1472,0.1678,0.1678,0.2325,0.3059
2.703004,0.0,0.0,0.0,0.0,0.0,-0.065,0.1472,0.1678,0.1678,0.2325,0.3059
2.720053,0.0,0.0,0.0,0.0,0.0,-0.065,0.1472,0.1678,0.1678,0.2325,0.3059
2.737002,0.0,0.0,0.0,0.0,0.0,-0.065,0.1472,0.1678,0.1678,0.2325,0.3059
2.754003,0.0,0.0,0.0,0.0,0.0,-0.065,0.1472,0.1678,0.1678,0.2325,0.3059
2.771002,0.0,0.0,-0.0,-0.0,0.0,-0.065,0.1472,0.1678,0.1678,0.2325,0.3059
2.788002,0.0,0.0,0.0,0.0,0.0,-0.065,0.1472,0.1678,0.1678,0.2325,0.3059
2.805004,0.0,0.0,0.5882,0.5882,0.5882,-0.065,0.1472,0.1778,0.1778,0.2398,0.3059
2.822001,0.0,0.0,-0.5883,-0.5883,0.5883,-0.065,0.1472,0.1678,0.1678,0.2325,0.3059
2.839053,0.0,0.5864,0.5864,0.5864,0.8294,-0.065,0.1572,0.1778,0.1778,0.2461,0.3059
2.856004,0.0,0.0,0.0,0.0,0.0,-0.065,0.1572,0.1778,0.1778,0.2461,0.3059
2.873002,0.0,0.0,-0.5883,-0.5883,0.5883,-0.065,0.1572,0.1678,0.1678,0.2389,0.3059
2.89,0.0,0.0,0.5883,0.5883,0.5883,-0.065,0.1572,0.1778,0.1778,0.2461,0.3059
2.907002,-0.5882,0.0,0.0,0.0,0.5882,-0.075,0.1572,0.1778,0.1778,0.2489,0.3059
2.924002,0.0,0.0,0.0,0.0,0.0,-0.075,0.1572,0.1778,0.1778,0.2489,0.3059
2.941001,0.0,0.0,0.0,0.0,0.0,-0.075,0.1572,0.1778,0.1778,0.2489,0.3059
2.958054,0.0,0.0,0.5864,0.5864,0.5864,-0.075,0.1572,0.1878,0.1878,0.2561,0.3059
2.975004,0.0,0.0,-0.59,-0.59,0.59,-0.075,0.1572,0.1778,0.1778,0.2489,0.3059
2.992002,0.0,0.0,0.0,0.0,0.0,-0.075,0.1572,0.1778,0.1778,0.2489,0.3059
3.009003,0.0,0.0,0.5882,0.5882,0.5882,-0.075,0.1572,0.1878,0.1878,0.2561,0.3059
3.026004,0.0,0.0,-0.5882,-0.5882,0.5882,-0.075,0.1572,0.1778,0.1778,0.2489,0.3059
3.043003,0.0,0.0,0.5883,0.5883,0.5883,-0.075,0.1572,0.1878,0.1878,0.2561,0.3059
3.060003,0.0,0.0,0.0,0.0,0.0,-0.075,0.1572,0.1878,0.1878,0.2561,0.3059
3.077055,0.0,0.0,0.5864,0.5864,0.5864,-0.075,0.1572,0.1978,0.1978,0.2636,0.3059
3.094004,0.0,0.0,-0.59,-0.59,0.59,-0.075,0.1572,0.1878,0.1878,0.2561,0.3059
3.111055,0.0,0.0,0.0,0.0,0.0,-0.075,0.1572,0.1878,0.1878,0.2561,0.3059
3.128001,0.0,0.0,0.5901,0.5901,0.5901,-0.075,0.1572,0.1978,0.1978,0.2636,0.3059
3.145004,0.0,0.0,-0.5881,-0.5881,0.5881,-0.075,0.1572,0.1878,0.1878,0.2561,0.3059
3.162002,0.0,0.0,0.5883,0.5883,0.5883,-0.075,0.1572,0.1978,0.1978,0.2636,0.3059
3.179002,0.0,0.0,0.0,0.0,0.0,-0.075,0.1572,0.1978,0.1978,0.2636,0.3059
3.196004,0.0,0.0,0.0,0.0,0.0,-0.075,0.1572,0.1978,0.1978,0.2636,0.3059
3.213,0.0,0.0,0.0,0.0,0.0,-0.075,0.1572,0.1978,0.1978,0.2636,0.3059
3.230003,0.0,0.0,0.0,0.0,0.0,-0.075,0.1572,0.1978,0.1978,0.2636,0.3059
3.247002,0.0,0.0,-0.0,-0.0,0.0,-0.075,0.1572,0.1978,0.1978,0.2636,0.3059
3.264001,0.0,0.0,0.0,0.0,0.0,-0.075,0.1572,0.1978,0.1978,0.2636,0.3059
3.281,0.0,0.0,0.5883,0.5883,0.5883,-0.075,0.1572,0.2078,0.2078,0.2711,0.3059
3.298001,0.0,0.0,-0.5882,-0.5882,0.5882,-0.075,0.1572,0.1978,0.1978,0.2636,0.3059
3.315,0.0,0.0,0.5883,0.5883,0.5883,-0.075,0.1572,0.2078,0.2078,0.2711,0.3059
3.332002,0.0,0.0,0.0,0.0,0.0,-0.075,0.1572,0.2078,0.2078,0.2711,0.3059
3.349053,0.0,0.0,-0.5865,-0.5865,0.5865,-0.075,0.1572,0.1978,0.1978,0.2636,0.3059
3.366001,0.0,0.0,0.59,0.59,0.59,-0.075,0.1572,0.2078,0.2078,0.2711,0.3059
3.383001,0.0,0.0,0.0,0.0,0.0,-0.075,0.1572,0.2078,0.2078,0.2711,0.3059
3.400002,0.0,0.0,-0.0,-0.0,0.0,-0.075,0.1572,0.2078,0.2078,0.2711,0.3059
3.417001,0.0,0.0,0.0,0.0,0.0,-0.075,0.1572,0.2078,0.2078,0.2711,0.3059
3.434004,0.0,0.0,0.5881,0.5881,0.5881,-0.075,0.1572,0.2178,0.2178,0.2789,0.3059
3.451004,0.0,0.0,0.0,0.0,0.0,-0.075,0.1572,0.2178,0.2178,0.2789,0.3059
3.468003,0.0,0.0,-0.5883,-0.5883,0.5883,-0.075,0.1572,0.2078,0.2078,0.2711,0.3059
3.485003,0.0,0.0,0.5882,0.5882,0.5882,-0.075,0.1572,0.2178,0.2178,0.2789,0.3059
3.502003,0.0,0.0,0.0,0.0,0.0,-0.075,0.1572,0.2178,0.2178,0.2789,0.3059
3.519001,0.0,0.0,-0.0,-0.0,0.0,-0.075,0.1572,0.2178,0.2178,0.2789,0.3059
3.536004,0.0,0.0,0.0,0.0,0.0,-0.075,0.1572,0.2178,0.2178,0.2789,0.3059
3.553003,0.0,0.0,0.5883,0.5883,0.5883,-0.075,0.1572,0.2278,0.2278,0.2868,0.3059
3.570002,0.0,0.0,-0.5883,-0.5883,0.5883,-0.075,0.1572,0.2178,0.2178,0.2789,0.3059
3.587004,0.0,0.0,0.0,0.0,0.0,-0.075,0.1572,0.2178,0.2178,0.2789,0.3059
3.604003,0.0,0.0,0.5883,0.5883,0.5883,-0.075,0.1572,0.2278,0.2278,0.2868,0.3059
3.621052,0.0,0.0,-0.5865,-0.5865,0.5865,-0.075,0.1572,0.2178,0.2178,0.2789,0.3059
3.638002,0.0,0.0,0.59,0.59,0.59,-0.075,0.1572,0.2278,0.2278,0.2868,0.3059
3.655003,0.0,0.0,0.0,0.0,0.0,-0.075,0.1572,0.2278,0.2278,0.2868,0.3059
3.672005,0.0,0.0,-0.0,-0.0,0.0,-0.075,0.1572,0.2278,0.2278,0.2868,0.3059
3.689001,0.0,0.0,0.0,0.0,0.0,-0.075,0.1572,0.2278,0.2278,0.2868,0.3059
3.706001,0.0,0.0,0.0,0.0,0.0,-0.075,0.1572,0.2278,0.2278,0.2868,0.3059
3.723003,0.0,0.0,0.0,0.0,0.0,-0.075,0.1572,0.2278,0.2278,0.2868,0.3059
3.740055,0.0,0.0,0.0,0.0,0.0,-0.075,0.1572,0.2278,0.2278,0.2868,0.3059
3.757,0.0,0.0,0.5901,0.5901,0.5901,-0.075,0.1572,0.2378,0.2378,0.2948,0.3059
3.774001,0.0,0.0,-0.5882,-0.5882,0.5882,-0.075,0.1572,0.2278,0.2278,0.2868,0.3059
3.791,0.0,0.0,0.5883,0.5883,0.5883,-0.075,0.1572,0.2378,0.2378,0.2948,0.3059
3.808001,0.0,0.0,0.0,0.0,0.0,-0.075,0.1572,0.2378,0.2378,0.2948,0.3059
3.825,0.0,0.0,-0.5883,-0.5883,0.5883,-0.075,0.1572,0.2278,0.2278,0.2868,0.3059
3.842,0.0,0.0,0.5882,0.5882,0.5882,-0.075,0.1572,0.2378,0.2378,0.2948,0.3059
3.859051,0.0,0.0,0.0,0.0,0.0,-0.075,0.1572,0.2378,0.2378,0.2948,0.3059
3.876004,0.0,0.0,0.5899,0.5899,0.5899,-0.075,0.1572,0.2478,0.2478,0.3029,0.3059
3.893055,0.0,0.0,-0.5865,-0.5865,0.5865,-0.075,0.1572,0.2378,0.2378,0.2948,0.3059
3.910003,0.0,0.0,0.59,0.59,0.59,-0.075,0.1572,0.2478,0.2478,0.3029,0.3059
3.927002,0.0,0.0,0.0,0.0,0.0,-0.075,0.1572,0.2478,0.2478,0.3029,0.3059
3.944003,0.0,0.0,-0.5882,-0.5882,0.5882,-0.075,0.1572,0.2378,0.2378,0.2948,0.3059
3.961003,0.0,0.0,0.5882,0.5882,0.5882,-0.075,0.1572,0.2478,0.2478,0.3029,0.3059
3.978004,0.0,0.0,0.0,0.0,0.0,-0.075,0.1572,0.2478,0.2478,0.3029,0.3059
3.995001,0.0,0.0,0.0,0.0,0.0,-0.075,0.1572,0.2478,0.2478,0.3029,0.3059
4.012004,0.0,0.0,0.0,0.0,0.0,-0.075,0.1572,0.2478,0.2478,0.3029,0.3059
4.029004,0.0,0.0,0.5882,0.5882,0.5882,-0.075,0.1572,0.2578,0.2578,0.3111,0.3059
4.046004,0.0,0.0,-0.5882,-0.5882,0.5882,-0.075,0.1572,0.2478,0.2478,0.3029,0.3059
4.063002,0.0,0.0,0.0,0.0,0.0,-0.075,0.1572,0.2478,0.2478,0.3029,0.3059
4.080002,0.0,0.0,0.5882,0.5882,0.5882,-0.075,0.1572,0.2578,0.2578,0.3111,0.3059
4.097004,0.0,0.0,-0.5882,-0.5882,0.5882,-0.075,0.1572,0.2478,0.2478,0.3029,0.3059
4.114002,0.0,0.0,0.5883,0.5883,0.5883,-0.075,0.1572,0.2578,0.2578,0.3111,0.3059
4.131001,0.0,0.0,0.0,0.0,0.0,-0.075,0.1572,0.2578,0.2578,0.3111,0.3059
4.148,0.0,0.0,0.0,0.0,0.0,-0.075,0.1572,0.2578,0.2578,0.3111,0.3059
4.165003,0.0,0.0,0.0,0.0,0.0,-0.075,0.1572,0.2578,0.2578,0.3111,0.3059
4.182002,0.0,0.0,0.0,0.0,0.0,-0.075,0.1572,0.2578,0.2578,0.3111,0.3059
4.199003,0.0,0.0,0.0,0.0,0.0,-0.075,0.1572,0.2578,0.2578,0.3111,0.3059
4.216001,0.0,0.0,0.0,0.0,0.0,-0.075,0.1572,0.2578,0.2578,0.3111,0.3059
4.233002,0.0,0.0,0.5882,0.5882,0.5882,-0.075,0.1572,0.2678,0.2678,0.3195,0.3059
4.250003,0.0,-0.5882,-0.5882,-0.5882,0.8318,-0.075,0.1472,0.2578,0.2578,0.3062,0.3059
4.267002,0.0,0.0,0.5883,0.5883,0.5883,-0.075,0.1472,0.2678,0.2678,0.3146,0.3059
4.284003,0.0,0.0,0.0,0.0,0.0,-0.075,0.1472,0.2678,0.2678,0.3146,0.3059
4.301002,0.0,0.0,0.0,0.0,0.0,-0.075,0.1472,0.2678,0.2678,0.3146,0.3059
4.318003,0.0,0.0,-0.0,-0.0,0.0,-0.075,0.1472,0.2678,0.2678,0.3146,0.3059
4.335003,0.0,0.0,0.0,0.0,0.0,-0.075,0.1472,0.2678,0.2678,0.3146,0.3059
4.352002,0.0,0.0,0.5883,0.5883,0.5883,-0.075,0.1472,0.2778,0.2778,0.3232,0.3059
4.369001,0.0,0.0,-0.5883,-0.5883,0.5883,-0.075,0.1472,0.2678,0.2678,0.3146,0.3059
4.386001,0.0,0.0,0.5882,0.5882,0.5882,-0.075,0.1472,0.2778,0.2778,0.3232,0.3059
4.403002,0.0,0.0,0.0,0.0,0.0,-0.075,0.1472,0.2778,0.2778,0.3232,0.3059
4.420003,0.0,0.0,-0.5882,-0.5882,0.5882,-0.075,0.1472,0.2678,0.2678,0.3146,0.3059
4.437003,0.0,0.0,0.5882,0.5882,0.5882,-0.075,0.1472,0.2778,0.2778,0.3232,0.3059
4.454001,0.0,0.0,0.0,0.0,0.0,-0.075,0.1472,0.2778,0.2778,0.3232,0.3059
4.471003,0.0,0.0,0.0,0.0,0.0,-0.075,0.1472,0.2778,0.2778,0.3232,0.3059
4.488056,0.0,0.0,0.0,0.0,0.0,-0.075,0.1472,0.2778,0.2778,0.3232,0.3059
4.505001,0.0,0.0,0.5901,0.5901,0.5901,-0.075,0.1472,0.2878,0.2878,0.3318,0.3059
4.522036,0.0,0.0,-0.587,-0.587,0.587,-0.075,0.1472,0.2778,0.2778,0.3232,0.3059
4.539003,0.0,0.0,0.0,0.0,0.0,-0.075,0.1472,0.2778,0.2778,0.3232,0.3059
4.556001,0.0,0.0,0.5883,0.5883,0.5883,-0.075,0.1472,0.2878,0.2878,0.3318,0.3059
4.573003,0.0,0.0,-0.5882,-0.5882,0.5882,-0.075,0.1472,0.2778,0.2778,0.3232,0.3059
4.590004,0.0,0.0,0.5882,0.5882,0.5882,-0.075,0.1472,0.2878,0.2878,0.3318,0.3059
4.607003,0.0,0.0,0.0,0.0,0.0,-0.075,0.1472,0.2878,0.2878,0.3318,0.3059
4.624,0.0,0.0,0.0,0.0,0.0,-0.075,0.1472,0.2878,0.2878,0.3318,0.3059
4.641004,0.0,0.0,0.0,0.0,0.0,-0.075,0.1472,0.2878,0.2878,0.3318,0.3059
4.658004,0.0,0.0,0.0,0.0,0.0,-0.075,0.1472,0.2878,0.2878,0.3318,0.3059
4.675003,0.0,0.0,-0.0,-0.0,0.0,-0.075,0.1472,0.2878,0.2878,0.3318,0.3059
4.692003,0.0,0.0,0.0,0.0,0.0,-0.075,0.1472,0.2878,0.2878,0.3318,0.3059
4.709002,0.0,0.0,0.5883,0.5883,0.5883,-0.075,0.1472,0.2978,0.2978,0.3405,0.3059
4.726001,0.0,0.0,0.0,0.0,0.0,-0.075,0.1472,0.2978,0.2978,0.3405,0.3059
4.743002,0.0,0.0,-0.0,-0.0,0.0,-0.075,0.1472,0.2978,0.2978,0.3405,0.3059
4.760004,0.0,0.0,0.0,0.0,0.0,-0.075,0.1472,0.2978,0.2978,0.3405,0.3059
4.777,0.0,0.0,0.0,0.0,0.0,-0.075,0.1472,0.2978,0.2978,0.3405,0.3059
4.794,0.0,0.0,0.0,0.0,0.0,-0.075,0.1472,0.2978,0.2978,0.3405,0.3059
4.811002,0.0,0.0,0.0,0.0,0.0,-0.075,0.1472,0.2978,0.2978,0.3405,0.3059
4.828,0.0,0.0,0.5883,0.5883,0.5883,-0.075,0.1472,0.3078,0.3078,0.3493,0.3059
4.845003,0.0,0.0,-0.5881,-0.5881,0.5881,-0.075,0.1472,0.2978,0.2978,0.3405,0.3059
4.862004,0.0,0.0,0.5882,0.5882,0.5882,-0.075,0.1472,0.3078,0.3078,0.3493,0.3059
4.879003,0.0,0.0,0.0,0.0,0.0,-0.075,0.1472,0.3078,0.3078,0.3493,0.3059
4.896002,0.0,0.0,-0.5883,-0.5883,0.5883,-0.075,0.1472,0.2978,0.2978,0.3405,0.3059
4.913001,0.0,0.0,0.5883,0.5883,0.5883,-0.075,0.1472,0.3078,0.3078,0.3493,0.3059
4.930002,0.0,0.0,0.0,0.0,0.0,-0.075,0.1472,0.3078,0.3078,0.3493,0.3059
4.947001,0.0,0.0,-0.0,-0.0,0.0,-0.075,0.1472,0.3078,0.3078,0.3493,0.3059
4.964001,0.0,0.0,0.0,0.0,0.0,-0.075,0.1472,0.3078,0.3078,0.3493,0.3059
4.981004,0.0,0.5881,0.5881,0.5881,0.8317,-0.075,0.1572,0.3178,0.3178,0.3624,0.3059
4.998002,0.0,0.0,-0.5883,-0.5883,0.5883,-0.075,0.1572,0.3078,0.3078,0.3537,0.3059
5.015003,0.0,0.0,0.0,0.0,0.0,-0.075,0.1572,0.3078,0.3078,0.3537,0.3059
5.032001,0.0,0.0,0.5883,0.5883,0.5883,-0.075,0.1572,0.3178,0.3178,0.3624,0.3059
5.049,0.0,0.0,-0.5883,-0.5883,0.5883,-0.075,0.1572,0.3078,0.3078,0.3537,0.3059
5.066001,0.0,0.0,0.5882,0.5882,0.5882,-0.075,0.1572,0.3178,0.3178,0.3624,0.3059
5.083004,0.0,0.0,0.0,0.0,0.0,-0.075,0.1572,0.3178,0.3178,0.3624,0.3059
5.1,0.0,0.0,0.5884,0.5884,0.5884,-0.075,0.1572,0.3278,0.3278,0.3712,0.3059
5.117002,0.0,0.0,-0.5882,-0.5882,0.5882,-0.075,0.1572,0.3178,0.3178,0.3624,0.3059
5.134,0.0,0.0,0.0,0.0,0.0,-0.075,0.1572,0.3178,0.3178,0.3624,0.3059
5.151054,0.0,0.0,0.5864,0.5864,0.5864,-0.075,0.1572,0.3278,0.3278,0.3712,0.3059
5.168003,0.0,0.0,-0.59,-0.59,0.59,-0.075,0.1572,0.3178,0.3178,0.3624,0.3059
5.185003,0.0,0.0,0.5882,0.5882,0.5882,-0.075,0.1572,0.3278,0.3278,0.3712,0.3059
5.202,0.0,0.0,0.0,0.0,0.0,-0.075,0.1572,0.3278,0.3278,0.3712,0.3059
5.219002,0.0,0.0,-0.0,-0.0,0.0,-0.075,0.1572,0.3278,0.3278,0.3712,0.3059
5.236003,0.0,0.0,0.0,0.0,0.0,-0.075,0.1572,0.3278,0.3278,0.3712,0.3059
5.253004,0.0,0.0,0.0,0.0,0.0,-0.075,0.1572,0.3278,0.3278,0.3712,0.3059
5.270053,0.0,0.0,0.0,0.0,0.0,-0.075,0.1572,0.3278,0.3278,0.3712,0.3059
5.287003,0.0,0.0,0.0,0.0,0.0,-0.075,0.1572,0.3278,0.3278,0.3712,0.3059
5.304001,0.0,0.0,0.5883,0.5883,0.5883,-0.075,0.1572,0.3378,0.3378,0.38,0.3059
5.321001,0.0,0.0,-0.5882,-0.5882,0.5882,-0.075,0.1572,0.3278,0.3278,0.3712,0.3059
5.338002,0.0,0.0,0.5882,0.5882,0.5882,-0.075,0.1572,0.3378,0.3378,0.38,0.3059
5.355001,0.0,0.0,0.0,0.0,0.0,-0.075,0.1572,0.3378,0.3378,0.38,0.3059
5.372002,0.0,0.0,-0.5882,-0.5882,0.5882,-0.075,0.1572,0.3278,0.3278,0.3712,0.3059
5.389051,0.0,0.0,0.5865,0.5865,0.5865,-0.075,0.1572,0.3378,0.3378,0.38,0.3059
5.406,0.0,0.0,0.0,0.0,0.0,-0.075,0.1572,0.3378,0.3378,0.38,0.3059
5.423055,0.0,0.0,0.0,0.0,0.0,-0.075,0.1572,0.3378,0.3378,0.38,0.3059
5.44,0.0,0.0,0.0,0.0,0.0,-0.075,0.1572,0.3378,0.3378,0.38,0.3059
5.457002,0.0,0.0,0.5882,0.5882,0.5882,-0.075,0.1572,0.3478,0.3478,0.389,0.3059
5.474,0.0,0.0,-0.5883,-0.5883,0.5883,-0.075,0.1572,0.3378,0.3378,0.38,0.3059
5.491002,0.0,0.0,0.0,0.0,0.0,-0.075,0.1572,0.3378,0.3378,0.38,0.3059
5.508001,0.0,0.0,0.5883,0.5883,0.5883,-0.075,0.1572,0.3478,0.3478,0.389,0.3059
5.525002,0.0,0.0,0.0,0.0,0.0,-0.075,0.1572,0.3478,0.3478,0.389,0.3059
5.542054,0.0,0.0,0.0,0.0,0.0,-0.075,0.1572,0.3478,0.3478,0.389,0.3059
5.559004,0.0,0.0,0.0,0.0,0.0,-0.075,0.1572,0.3478,0.3478,0.389,0.3059
5.576004,0.0,0.0,0.5882,0.5882,0.5882,-0.075,0.1572,0.3578,0.3578,0.3979,0.3059
5.593004,0.0,0.0,-0.5882,-0.5882,0.5882,-0.075,0.1572,0.3478,0.3478,0.389,0.3059
5.610003,0.0,0.0,0.0,0.0,0.0,-0.075,0.1572,0.3478,0.3478,0.389,0.3059
5.627001,0.0,0.0,0.5883,0.5883,0.5883,-0.075,0.1572,0.3578,0.3578,0.3979,0.3059
5.644003,0.0,0.0,-0.5882,-0.5882,0.5882,-0.075,0.1572,0.3478,0.3478,0.389,0.3059
5.661,0.0,0.0,0.5883,0.5883,0.5883,-0.075,0.1572,0.3578,0.3578,0.3979,0.3059
5.678004,0.0,0.0,0.0,0.0,0.0,-0.075,0.1572,0.3578,0.3578,0.3979,0.3059
5.695002,0.0,0.0,0.0,0.0,0.0,-0.075,0.1572,0.3578,0.3578,0.3979,0.3059
5.712,0.0,0.0,0.0,0.0,0.0,-0.075,0.1572,0.3578,0.3578,0.3979,0.3059
5.729004,0.0,0.0,0.0,0.0,0.0,-0.075,0.1572,0.3578,0.3578,0.3979,0.3059
5.746003,0.0,0.0,-0.0,-0.0,0.0,-0.075,0.1572,0.3578,0.3578,0.3979,0.3059
5.763004,0.0,0.0,0.0,0.0,0.0,-0.075,0.1572,0.3578,0.3578,0.3979,0.3059
5.78,0.0,0.0,0.5884,0.5884,0.5884,-0.075,0.1572,0.3678,0.3678,0.4069,0.3059
5.797,0.0,0.0,-0.5882,-0.5882,0.5882,-0.075,0.1572,0.3578,0.3578,0.3979,0.3059
5.814001,0.0,0.0,0.5882,0.5882,0.5882,-0.075,0.1572,0.3678,0.3678,0.4069,0.3059
5.831004,0.0,0.0,0.0,0.0,0.0,-0.075,0.1572,0.3678,0.3678,0.4069,0.3059
5.848005,0.0,0.0,-0.5882,-0.5882,0.5882,-0.075,0.1572,0.3578,0.3578,0.3979,0.3059
5.865002,0.0,0.0,0.5883,0.5883,0.5883,-0.075,0.1572,0.3678,0.3678,0.4069,0.3059
5.882004,0.0,0.0,0.0,0.0,0.0,-0.075,0.1572,0.3678,0.3678,0.4069,0.3059
5.899002,0.0,0.0,0.0,0.0,0.0,-0.075,0.1572,0.3678,0.3678,0.4069,0.3059
5.916004,0.0,0.0,0.0,0.0,0.0,-0.075,0.1572,0.3678,0.3678,0.4069,0.3059
5.933,0.0,0.0,0.5884,0.5884,0.5884,-0.075,0.1572,0.3778,0.3778,0.416,0.3059
5.950004,0.0,0.0,0.0,0.0,0.0,-0.075,0.1572,0.3778,0.3778,0.416,0.3059
5.967002,0.0,0.0,-0.5883,-0.5883,0.5883,-0.075,0.1572,0.3678,0.3678,0.4069,0.3059
5.984001,0.0,0.0,0.5883,0.5883,0.5883,-0.075,0.1572,0.3778,0.3778,0.416,0.3059
6.001003,0.0,0.0,0.0,0.0,0.0,-0.075,0.1572,0.3778,0.3778,0.416,0.3059
6.018053,0.0,0.0,-0.0,-0.0,0.0,-0.075,0.1572,0.3778,0.3778,0.416,0.3059
6.035002,0.0,0.0,0.0,0.0,0.0,-0.075,0.1572,0.3778,0.3778,0.416,0.3059
6.052001,0.0,0.0,0.5883,0.5883,0.5883,-0.075,0.1572,0.3878,0.3878,0.4251,0.3059
6.069,0.0,0.0,-0.5883,-0.5883,0.5883,-0.075,0.1572,0.3778,0.3778,0.416,0.3059
6.086003,0.0,0.0,0.0,0.0,0.0,-0.075,0.1572,0.3778,0.3778,0.416,0.3059
6.103,0.0,0.0,0.5883,0.5883,0.5883,-0.075,0.1572,0.3878,0.3878,0.4251,0.3059
6.120002,0.0,0.0,-0.5882,-0.5882,0.5882,-0.075,0.1572,0.3778,0.3778,0.416,0.3059
6.137002,0.0,0.0,0.5882,0.5882,0.5882,-0.075,0.1572,0.3878,0.3878,0.4251,0.3059
6.154001,0.0,0.0,0.0,0.0,0.0,-0.075,0.1572,0.3878,0.3878,0.4251,0.3059
6.171003,0.0,0.0,0.0,0.0,0.0,-0.075,0.1572,0.3878,0.3878,0.4251,0.3059
6.188002,0.0,0.0,0.0,0.0,0.0,-0.075,0.1572,0.3878,0.3878,0.4251,0.3059
6.205001,0.0,0.0,0.0,0.0,0.0,-0.075,0.1572,0.3878,0.3878,0.4251,0.3059
6.222,0.0,0.0,-0.0,-0.0,0.0,-0.075,0.1572,0.3878,0.3878,0.4251,0.3059
6.239003,0.0,0.0,0.0,0.0,0.0,-0.075,0.1572,0.3878,0.3878,0.4251,0.3059
6.256004,0.0,0.0,0.5882,0.5882,0.5882,-0.075,0.1572,0.3978,0.3978,0.4342,0.3059
6.273,0.0,0.0,-0.5884,-0.5884,0.5884,-0.075,0.1572,0.3878,0.3878,0.4251,0.3059
6.290055,0.0,0.0,0.5863,0.5863,0.5863,-0.075,0.1572,0.3978,0.3978,0.4342,0.3059
6.307002,0.0,0.0,0.0,0.0,0.0,-0.075,0.1572,0.3978,0.3978,0.4342,0.3059
6.324001,0.0,0.0,-0.5883,-0.5883,0.5883,-0.075,0.1572,0.3878,0.3878,0.4251,0.3059
6.341001,0.0,0.0,0.5882,0.5882,0.5882,-0.075,0.1572,0.3978,0.3978,0.4342,0.3059
6.358001,0.0,0.0,0.0,0.0,0.0,-0.075,0.1572,0.3978,0.3978,0.4342,0.3059
6.375001,0.0,0.0,0.5882,0.5882,0.5882,-0.075,0.1572,0.4078,0.4078,0.4434,0.3059
6.392001,0.0,0.0,-0.5882,-0.5882,0.5882,-0.075,0.1572,0.3978,0.3978,0.4342,0.3059
6.409,0.0,0.0,0.5883,0.5883,0.5883,-0.075,0.1572,0.4078,0.4078,0.4434,0.3059
6.426,0.0,0.0,0.0,0.0,0.0,-0.075,0.1572,0.4078,0.4078,0.4434,0.3059
6.443002,0.0,0.0,-0.5882,-0.5882,0.5882,-0.075,0.1572,0.3978,0.3978,0.4342,0.3059
6.460002,0.0,0.0,0.5882,0.5882,0.5882,-0.075,0.1572,0.4078,0.4078,0.4434,0.3059
6.477002,0.0,0.0,0.0,0.0,0.0,-0.075,0.1572,0.4078,0.4078,0.4434,0.3059
6.494004,0.0,0.0,-0.0,-0.0,0.0,-0.075,0.1572,0.4078,0.4078,0.4434,0.3059
6.511003,0.0,0.0,0.0,0.0,0.0,-0.075,0.1572,0.4078,0.4078,0.4434,0.3059
6.528055,0.0,0.0,0.5864,0.5864,0.5864,-0.075,0.1572,0.4178,0.4178,0.4526,0.3059
6.545002,0.0,0.0,-0.5901,-0.5901,0.5901,-0.075,0.1572,0.4078,0.4078,0.4434,0.3059
6.562054,0.0,0.0,0.0,0.0,0.0,-0.075,0.1572,0.4078,0.4078,0.4434,0.3059
6.579,0.0,0.0,0.5901,0.5901,0.5901,-0.075,0.1572,0.4178,0.4178,0.4526,0.3059
6.596002,0.0,0.0,-0.5882,-0.5882,0.5882,-0.075,0.1572,0.4078,0.4078,0.4434,0.3059
6.613003,0.0,0.0,0.5882,0.5882,0.5882,-0.075,0.1572,0.4178,0.4178,0.4526,0.3059
6.630003,0.0,0.0,0.0,0.0,0.0,-0.075,0.1572,0.4178,0.4178,0.4526,0.3059
6.647048,0.0,0.0,-0.0,-0.0,0.0,-0.075,0.1572,0.4178,0.4178,0.4526,0.3059
6.664002,0.0,0.0,0.0,0.0,0.0,-0.075,0.1572,0.4178,0.4178,0.4526,0.3059
6.681003,0.0,0.0,0.0,0.0,0.0,-0.075,0.1572,0.4178,0.4178,0.4526,0.3059
6.698002,0.0,0.0,0.0,0.0,0.0,-0.075,0.1572,0.4178,0.4178,0.4526,0.3059
6.715004,0.0,0.0,0.0,0.0,0.0,-0.075,0.1572,0.4178,0.4178,0.4526,0.3059
6.732001,0.0,0.0,0.5883,0.5883,0.5883,-0.075,0.1572,0.4278,0.4278,0.4619,0.3059
6.749001,0.0,0.0,0.0,0.0,0.0,-0.075,0.1572,0.4278,0.4278,0.4619,0.3059
6.766,0.0,0.0,0.0,0.0,0.0,-0.075,0.1572,0.4278,0.4278,0.4619,0.3059
6.783004,0.0,0.0,0.0,0.0,0.0,-0.075,0.1572,0.4278,0.4278,0.4619,0.3059
6.8,0.0,0.0,0.0,0.0,0.0,-0.075,0.1572,0.4278,0.4278,0.4619,0.3059
6.817001,0.0,0.0,0.0,0.0,0.0,-0.075,0.1572,0.4278,0.4278,0.4619,0.3059
6.834001,0.0,0.0,0.0,0.0,0.0,-0.075,0.1572,0.4278,0.4278,0.4619,0.3059
6.851002,0.0,0.0,0.5882,0.5882,0.5882,-0.075,0.1572,0.4378,0.4378,0.4712,0.3059
6.868003,0.0,0.0,-0.5882,-0.5882,0.5882,-0.075,0.1572,0.4278,0.4278,0.4619,0.3059
6.885003,0.0,0.0,0.5882,0.5882,0.5882,-0.075,0.1572,0.4378,0.4378,0.4712,0.3059
6.902004,0.0,0.0,0.0,0.0,0.0,-0.075,0.1572,0.4378,0.4378,0.4712,0.3059
6.919001,0.0,0.0,-0.5883,-0.5883,0.5883,-0.075,0.1572,0.4278,0.4278,0.4619,0.3059
6.936001,0.0,0.0,0.5882,0.5882,0.5882,-0.075,0.1572,0.4378,0.4378,0.4712,0.3059
6.953003,0.0,0.0,0.0,0.0,0.0,-0.075,0.1572,0.4378,0.4378,0.4712,0.3059
6.970002,0.0,0.0,0.0,0.0,0.0,-0.075,0.1572,0.4378,0.4378,0.4712,0.3059
6.987,0.0,0.0,0.0,0.0,0.0,-0.075,0.1572,0.4378,0.4378,0.4712,0.3059
7.004001,0.0,0.0,0.5882,0.5882,0.5882,-0.075,0.1572,0.4478,0.4478,0.4805,0.3059
7.021001,0.0,0.0,-0.5882,-0.5882,0.5882,-0.075,0.1572,0.4378,0.4378,0.4712,0.3059
7.038054,0.0,0.0,0.0,0.0,0.0,-0.075,0.1572,0.4378,0.4378,0.4712,0.3059
7.055002,0.0,0.0,0.59,0.59,0.59,-0.075,0.1572,0.4478,0.4478,0.4805,0.3059
7.072055,0.0,0.0,-0.5864,-0.5864,0.5864,-0.075,0.1572,0.4378,0.4378,0.4712,0.3059
7.089004,0.0,0.0,0.59,0.59,0.59,-0.075,0.1572,0.4478,0.4478,0.4805,0.3059
7.106003,0.0,0.0,0.0,0.0,0.0,-0.075,0.1572,0.4478,0.4478,0.4805,0.3059
7.123002,0.0,0.0,0.0,0.0,0.0,-0.075,0.1572,0.4478,0.4478,0.4805,0.3059
7.140002,0.0,0.0,0.0,0.0,0.0,-0.075,0.1572,0.4478,0.4478,0.4805,0.3059
7.157002,0.0,0.0,0.0,0.0,0.0,-0.075,0.1572,0.4478,0.4478,0.4805,0.3059
7.174001,0.0,0.0,0.5883,0.5883,0.5883,-0.075,0.1572,0.4578,0.4578,0.4898,0.3059
7.191004,0.0,0.0,-0.5881,-0.5881,0.5881,-0.075,0.1572,0.4478,0.4478,0.4805,0.3059
7.208002,0.0,0.0,0.5883,0.5883,0.5883,-0.075,0.1572,0.4578,0.4578,0.4898,0.3059
7.225001,0.0,0.0,0.0,0.0,0.0,-0.075,0.1572,0.4578,0.4578,0.4898,0.3059
7.242001,0.0,0.0,0.0,0.0,0.0,-0.075,0.1572,0.4578,0.4578,0.4898,0.3059
7.259003,0.0,0.0,0.0,0.0,0.0,-0.075,0.1572,0.4578,0.4578,0.4898,0.3059
7.276001,0.0,0.0,0.0,0.0,0.0,-0.075,0.1572,0.4578,0.4578,0.4898,0.3059
7.293001,0.0,0.0,-0.0,-0.0,0.0,-0.075,0.1572,0.4578,0.4578,0.4898,0.3059
7.310055,0.0,0.0,0.0,0.0,0.0,-0.075,0.1572,0.4578,0.4578,0.4898,0.3059
7.327003,0.0,0.0,0.59,0.59,0.59,-0.075,0.1572,0.4678,0.4678,0.4992,0.3059
7.344002,0.0,0.0,-0.5883,-0.5883,0.5883,-0.075,0.1572,0.4578,0.4578,0.4898,0.3059
7.361003,0.0,0.0,0.5882,0.5882,0.5882,-0.075,0.1572,0.4678,0.4678,0.4992,0.3059
7.378001,0.0,0.0,0.0,0.0,0.0,-0.075,0.1572,0.4678,0.4678,0.4992,0.3059
7.395002,0.0,0.0,-0.5882,-0.5882,0.5882,-0.075,0.1572,0.4578,0.4578,0.4898,0.3059
